domain_idx,entry_name,n_in,n_out,mwu_p,mwu_p_adj,mwu_auc,prevalence,summary_kind,k_1x,precision_1x,lift_1x,or_topk_1x,fisher_p_1x,k_2x,precision_2x,lift_2x,or_topk_2x,fisher_p_2x,fisher_p_adj_1x,fisher_p_adj_2x
9278,NAD(P)-binding domain superfamily,206,9794,1.299685952294105e-123,3.6911081045152583e-121,0.9798283970173932,0.0206,topq,206,0.4563106796116505,22.15100386464323,72.5532525510204,3.230260847741031e-110,412,0.3907766990291262,18.969742671316805,136.02682602921647,1.1354663917092764e-193,2.2456390393953377e-21,1.0
9063,S-adenosyl-L-methionine-dependent methyltransferase superfamily,179,9821,7.292739662712065e-101,2.0711380642102264e-98,0.9633583604623316,0.0179,topq,179,0.07262569832402235,4.057301582347618,4.554906372477864,1.8795587534376692e-05,358,0.21508379888268156,12.015854686183328,25.62905589281976,3.834207945146184e-65,1.0,1.0
9235,FAD/NAD(P)-binding domain superfamily,75,9925,1.3932819973118315e-48,3.9569208723656016e-46,0.9883761544920235,0.0075,topq,75,0.37333333333333335,49.77777777777778,125.20778632865549,2.5286138253474077e-42,150,0.3333333333333333,44.44444444444444,196.49999999999997,2.840775173200638e-76,1.0,1.0
9005,P-loop containing nucleoside triphosphate hydrolase,652,9348,7.761982131491118e-45,2.2044029253434775e-42,0.6636571813530534,0.0652,topq,652,0.010736196319018405,0.16466558771500622,0.14643591130340725,0.9999999999996465,1304,0.09125766871165644,1.399657495577553,1.5379818082504098,5.658429306848141e-05,1.0,1.0
9059,Alpha/Beta hydrolase fold,63,9937,6.8684725466716146e-40,1.9506462032547387e-37,0.9802238227819389,0.0063,topq,63,0.14285714285714285,22.675736961451246,30.503086419753085,1.567319188341118e-10,126,0.19047619047619047,30.23431594860166,59.33634992458522,2.702928231504115e-30,1.0,1.0
9945,"ATPase, nucleotide binding domain",95,9905,2.118367565746638e-36,6.0161638867204524e-34,0.8732171417944153,0.0095,topq,95,0.0,0.0,0.5378416161837669,1.0,190,0.0,0.0,0.2670157068062827,1.0,1.0,1.0
9062,Class I glutamine amidotransferase-like,45,9955,1.943479687878033e-21,5.519482313573613e-19,0.9068418996595792,0.0045,topq,45,0.0,0.0,2.3935515034416133,1.0,90,0.0,0.0,1.1979236233379882,1.0,1.0,1.0
9541,Ribonuclease Z/Hydroxyacylglutathione hydrolase-like,35,9965,2.6134554757310552e-20,7.422213551076198e-18,0.9475779514013333,0.0035,topq,35,0.0,0.0,3.9398928783971434,1.0,70,0.0,0.0,1.9769253820797124,1.0,1.0,1.0
887,Metallo-beta-lactamase,34,9966,8.1604395161956e-20,2.3175648225995504e-17,0.9479568769109089,0.0034,topq,34,0.0,0.0,4.172442764125184,1.0,68,0.0,0.0,2.0942557918121234,1.0,1.0,1.0
9050,Nucleotide-diphospho-sugar transferases,50,9950,1.293320950595728e-19,3.673031499691867e-17,0.8676251256281408,0.005,topq,50,0.0,0.0,1.941084207430644,1.0,100,0.0,0.0,0.9704448056745972,1.0,1.0,1.0
10002,"Aminoacid dehydrogenase-like, N-terminal domain superfamily",30,9970,3.608928066274714e-19,1.0249355708220188e-16,0.9681344032096288,0.003,topq,30,0.03333333333333333,11.11111111111111,11.820451843043994,0.08631227336774222,60,0.08333333333333333,27.777777777777775,36.054545454545455,8.334655963313044e-07,1.0,1.0
4311,Short-chain dehydrogenase/reductase SDR,26,9974,1.0275834813262173e-18,2.918337086966457e-16,0.9961110425568015,0.0026,topq,26,0.19230769230769232,73.96449704142013,112.84580498866211,5.009742101979493e-09,52,0.25,96.15384615384616,254.74358974358975,3.953589858090383e-24,1.0,1.0
8558,"6-phosphogluconate dehydrogenase-like, C-terminal domain superfamily",31,9969,2.19514429076601e-18,6.234209785775468e-16,0.9499917486142526,0.0031,topq,31,0.0,0.0,5.00806248425296,1.0,62,0.0,0.0,2.516190476190476,1.0,1.0,1.0
787,Phosphoribosyltransferase domain,53,9947,2.6321956274226076e-17,7.475435581880206e-15,0.8331003374488563,0.0053,topq,53,0.0,0.0,1.7284478993798582,1.0,106,0.0,0.0,0.863630380413321,1.0,1.0,1.0
9058,Phosphoribosyltransferase-like,53,9947,2.6321956274226076e-17,7.475435581880206e-15,0.8331003374488563,0.0053,topq,53,0.0,0.0,1.7284478993798582,1.0,106,0.0,0.0,0.863630380413321,1.0,1.0,1.0
9402,"Mur-like, catalytic domain superfamily",26,9974,1.2585748764960141e-15,3.5743526492486803e-13,0.9484255217411424,0.0026,topq,26,0.0,0.0,7.083303666785332,1.0,52,0.0,0.0,3.5660377358490565,1.0,1.0,1.0
9423,"Mur ligase, C-terminal domain superfamily",26,9974,1.2585748764960141e-15,3.5743526492486803e-13,0.9484255217411424,0.0026,topq,26,0.0,0.0,7.083303666785332,1.0,52,0.0,0.0,3.5660377358490565,1.0,1.0,1.0
1284,"Mur ligase, C-terminal",25,9975,3.106880917027062e-15,8.823541804356856e-13,0.9507388471177944,0.0025,topq,25,0.0,0.0,7.6512879661668585,1.0,50,0.0,0.0,3.85381479324403,1.0,1.0,1.0
1983,"Mur ligase, central",25,9975,3.106880917027062e-15,8.823541804356856e-13,0.9507388471177944,0.0025,topq,25,0.0,0.0,7.6512879661668585,1.0,50,0.0,0.0,3.85381479324403,1.0,1.0,1.0
1601,Radical SAM,70,9930,4.0033394747594943e-14,1.1369484108316963e-11,0.7585779024600777,0.007,topq,70,0.0,0.0,0.9919521150847543,1.0,140,0.0,0.0,0.49420761717271144,1.0,1.0,1.0
2246,Glutamine amidotransferase,27,9973,4.473936941497009e-14,1.2705980913851505e-11,0.914638041229839,0.0027,topq,27,0.0,0.0,6.576198347107438,1.0,54,0.0,0.0,3.3092577147623015,1.0,1.0,1.0
9256,Thioredoxin-like superfamily,45,9955,3.832678094707347e-13,1.0884805788968865e-10,0.8090250572018528,0.0045,topq,45,0.022222222222222223,4.938271604938272,5.119318181818182,0.1840529741349253,90,0.011111111111111112,2.469135802469136,2.5194075587334015,0.33484507105586925,1.0,1.0
1545,"Elp3/MiaA/NifB-like, radical SAM core domain",62,9938,1.0122277282064448e-12,2.874726748106303e-10,0.7585619550892956,0.0062,topq,62,0.0,0.0,1.264192,1.0,124,0.0,0.0,0.6306506024096385,1.0,1.0,1.0
5814,Heat shock protein 70 family,22,9978,6.069064042103301e-12,1.7236141879573375e-09,0.9175299294812224,0.0022,topq,22,0.0,0.0,9.83358024691358,1.0,44,0.0,0.0,4.961048689138576,1.0,1.0,1.0
2046,Thioredoxin domain,24,9976,6.464507626034945e-12,1.8359201657939242e-09,0.8992561313819835,0.0024,topq,24,0.0,0.0,8.290295710120782,1.0,48,0.0,0.0,4.1777824531874606,1.0,1.0,1.0
1206,AAA+ ATPase domain,175,9825,8.68122230948278e-12,2.4654671358931093e-09,0.6480453653217012,0.0175,topq,175,0.0,0.0,0.15666268942622222,1.0,350,0.0,0.0,0.07702061767682311,1.0,1.0,1.0
8836,Pre-ATP-grasp domain superfamily,22,9978,1.0072413224354565e-11,2.8605653557166964e-09,0.9129972302702308,0.0022,topq,22,0.0,0.0,9.83358024691358,1.0,44,0.0,0.0,4.961048689138576,1.0,1.0,1.0
7657,Uracil phosphoribosyltransferase/Adenine phosphoribosyltransferase,26,9974,1.2148515123476622e-11,3.4501782950673608e-09,0.8784242877635698,0.0026,topq,26,0.0,0.0,7.083303666785332,1.0,52,0.0,0.0,3.5660377358490565,1.0,1.0,1.0
354,"Heat shock protein 70, conserved site",21,9979,1.5605690271160427e-11,4.432016037009562e-09,0.9186458228947456,0.0021,topq,21,0.0,0.0,10.77176852352623,1.0,42,0.0,0.0,5.437756497948017,1.0,1.0,1.0
9053,"Heat shock protein 70kD, peptide-binding domain superfamily",21,9979,1.5605690271160427e-11,4.432016037009562e-09,0.9186458228947456,0.0021,topq,21,0.0,0.0,10.77176852352623,1.0,42,0.0,0.0,5.437756497948017,1.0,1.0,1.0
4210,Small ribosomal subunit protein uS11,24,9976,3.077710311963634e-11,8.740697285976719e-09,0.885719476744186,0.0024,topq,24,0.0,0.0,8.290295710120782,1.0,48,0.0,0.0,4.1777824531874606,1.0,1.0,1.0
9605,Small ribosomal subunit protein uS11 superfamily,24,9976,3.077710311963634e-11,8.740697285976719e-09,0.885719476744186,0.0024,topq,24,0.0,0.0,8.290295710120782,1.0,48,0.0,0.0,4.1777824531874606,1.0,1.0,1.0
9054,"Heat shock protein 70kD, C-terminal domain superfamily",20,9980,4.8753401913382065e-11,1.3845966143400507e-08,0.9179834669338678,0.002,topq,20,0.0,0.0,11.850684116597263,1.0,40,0.0,0.0,5.986449864498645,1.0,1.0,1.0
3924,Adenylate kinase/UMP-CMP kinase,20,9980,1.816035247266657e-10,5.157540102237306e-08,0.9049549098196393,0.002,topq,20,0.0,0.0,11.850684116597263,1.0,40,0.0,0.0,5.986449864498645,1.0,1.0,1.0
339,"Small ribosomal subunit protein uS11, conserved site",22,9978,1.8531860142556615e-10,5.263048280486079e-08,0.8859536434701798,0.0022,topq,22,0.0,0.0,9.83358024691358,1.0,44,0.0,0.0,4.961048689138576,1.0,1.0,1.0
1344,Cytidyltransferase-like domain,37,9963,4.634529061116782e-10,1.316206253357166e-07,0.7909684752503181,0.0037,topq,37,0.0,0.0,3.5294222222222222,1.0,74,0.0,0.0,1.7699328859060404,1.0,1.0,1.0
6262,"Small ribosomal subunit protein uS11, bacterial-type",20,9980,8.343213573103597e-10,2.3694726547614215e-07,0.8893286573146293,0.002,topq,20,0.0,0.0,11.850684116597263,1.0,40,0.0,0.0,5.986449864498645,1.0,1.0,1.0
2275,"Carbohydrate kinase FGGY, C-terminal",20,9980,8.409507117357665e-10,2.388300021329577e-07,0.8892459919839679,0.002,topq,20,0.0,0.0,11.850684116597263,1.0,40,0.0,0.0,5.986449864498645,1.0,1.0,1.0
10004,SIS domain superfamily,26,9974,1.0096497656144658e-09,2.867405334345083e-07,0.8398142863753452,0.0026,topq,26,0.0,0.0,7.083303666785332,1.0,52,0.0,0.0,3.5660377358490565,1.0,1.0,1.0
8740,Aldolase-type TIM barrel,245,9755,2.9902586199244793e-09,8.492334480585522e-07,0.6085942321572402,0.0245,topq,245,0.0,0.0,0.07889879335161211,1.0,490,0.0020408163265306124,0.08329862557267806,0.07765932481813001,0.9999961434201557,1.0,1.0
8705,Ribonuclease H-like superfamily,68,9932,3.33169517682842e-08,9.462014302192714e-06,0.6896291843358366,0.0068,topq,68,0.0,0.0,1.0511481698545475,1.0,136,0.0,0.0,0.523862998315553,1.0,1.0,0.010675893719525962
9204,"ATPase, F1/V1/A1 complex, alpha/beta subunit, N-terminal domain superfamily",38,9962,5.547257162751217e-07,0.00015754210342213456,0.7284813871659676,0.0038,topq,38,0.0,0.0,3.3477820880418285,1.0,76,0.0,0.0,1.6783804430863256,1.0,1.0,1.0
58,"ATPase, alpha/beta subunit, nucleotide-binding domain, active site",41,9959,5.933132093593553e-07,0.0001685009514580569,0.719395864507897,0.0041,topq,41,0.0,0.0,2.879518072289157,1.0,82,0.0,0.0,1.4424972617743703,1.0,1.0,1.0
672,"ATPase, F1/V1/A1 complex, alpha/beta subunit, nucleotide-binding domain",41,9959,5.933132093593553e-07,0.0001685009514580569,0.719395864507897,0.0041,topq,41,0.0,0.0,2.879518072289157,1.0,82,0.0,0.0,1.4424972617743703,1.0,1.0,1.0
1283,"ATPase, F1/V1/A1 complex, alpha/beta subunit, N-terminal domain",40,9960,7.519558006971956e-07,0.00021355544739800356,0.7199548192771085,0.004,topq,40,0.0,0.0,3.024081694863588,1.0,80,0.0,0.0,1.5152979066022545,1.0,1.0,1.0
1395,Small GTP-binding domain,128,9872,1.1226727883295757e-06,0.0003188390718855995,0.6214324604943274,0.0128,topq,128,0.0,0.0,0.2950688125482596,1.0,256,0.0,0.0,0.14588026486449587,1.0,1.0,1.0
1194,"ABC transporter-like, ATP-binding domain",67,9933,1.6739710721809805e-06,0.00047540778449939845,0.6644345472877232,0.0067,topq,67,0.0,0.0,1.082743484224966,1.0,134,0.0,0.0,0.53969434118133,1.0,1.0,1.0
292,"ABC transporter-like, conserved site",65,9935,1.8395412167557748e-06,0.0005224297055586401,0.666228175448105,0.0065,topq,65,0.0,0.0,1.1503408892255695,1.0,130,0.0,0.0,0.5735719926296393,1.0,1.0,1.0
1104,TRAM domain,23,9977,5.111705308227802e-06,0.0014517243075366957,0.7658244396895468,0.0023,topq,23,0.0,0.0,9.012675418741512,1.0,46,0.0,0.0,4.5442690459849,1.0,1.0,1.0
9339,HAD-like superfamily,23,9977,8.989074086248702e-06,0.0025528970404946312,0.7583681598110437,0.0023,topq,23,0.0,0.0,9.012675418741512,1.0,46,0.0,0.0,4.5442690459849,1.0,1.0,1.0
9328,Ribonuclease H superfamily,53,9947,1.1787937169201462e-05,0.0033477741560532155,0.6680491510666912,0.0053,topq,53,0.0,0.0,1.7284478993798582,1.0,106,0.0,0.0,0.863630380413321,1.0,1.0,1.0
8906,HAD superfamily,24,9976,1.6434855573989177e-05,0.004667498983012926,0.744919055733761,0.0024,topq,24,0.0,0.0,8.290295710120782,1.0,48,0.0,0.0,4.1777824531874606,1.0,1.0,1.0
8743,"ATP-grasp fold, subdomain 1",36,9964,2.4547469015403745e-05,0.006971481200374664,0.695627871448325,0.0036,topq,36,0.0,0.0,3.7262150497279034,1.0,72,0.0,0.0,1.8691544638639583,1.0,1.0,1.0
1866,ATP-grasp fold,30,9970,3.258181419625192e-05,0.009253235231735546,0.7107204948177867,0.003,topq,30,0.0,0.0,5.342918570276807,1.0,60,0.0,0.0,2.685408481235605,1.0,1.0,1.0
5086,Histidine biosynthesis protein,32,9968,3.678203085947262e-05,0.010446096764090224,0.7025763693820225,0.0032,topq,32,0.0,0.0,4.703668639053255,1.0,64,0.0,0.0,2.3624329159212882,1.0,1.0,1.0
9673,NagB/RpiA transferase-like,22,9978,4.2331774497381056e-05,0.012022223957256219,0.742121303230744,0.0022,topq,22,0.0,0.0,9.83358024691358,1.0,44,0.0,0.0,4.961048689138576,1.0,1.0,0.0004734084587161809
8934,"Radical SAM, alpha/beta horseshoe",21,9979,4.2340073450968985e-05,0.012024580860075192,0.7478037211477436,0.0021,topq,21,0.0,0.0,10.77176852352623,1.0,42,0.0,0.0,5.437756497948017,1.0,1.0,1.0
9263,MFS transporter superfamily,50,9950,4.235453815733106e-05,0.01202868883668202,0.6608251256281407,0.005,topq,50,0.0,0.0,1.941084207430644,1.0,100,0.0,0.0,0.9704448056745972,1.0,2.8455335139243523e-06,1.0
835,Aspartate/glutamate/uridylate kinase,35,9965,4.638181732947439e-05,0.013172436121570727,0.6910085298544907,0.0035,topq,35,0.0,0.0,3.9398928783971434,1.0,70,0.0,0.0,1.9769253820797124,1.0,1.0,1.0
9324,Acetylglutamate kinase-like superfamily,35,9965,4.638181732947439e-05,0.013172436121570727,0.6910085298544907,0.0035,topq,35,0.0,0.0,3.9398928783971434,1.0,70,0.0,0.0,1.9769253820797124,1.0,1.0,1.0
4180,Small ribosomal subunit protein uS2,22,9978,4.9944164570312335e-05,0.014184142737968704,0.7396613458700049,0.0022,topq,22,0.0,0.0,9.83358024691358,1.0,44,0.0,0.0,4.961048689138576,1.0,1.0,1.0
8948,"Small ribosomal subunit protein uS2, flavodoxin-like domain superfamily",22,9978,4.9944164570312335e-05,0.014184142737968704,0.7396613458700049,0.0022,topq,22,0.0,0.0,9.83358024691358,1.0,44,0.0,0.0,4.961048689138576,1.0,1.0,1.0
8598,"K homology domain superfamily, prokaryotic type",24,9976,5.5144530109112354e-05,0.01566104655098791,0.7280598436246993,0.0024,topq,24,0.0,0.0,8.290295710120782,1.0,48,0.0,0.0,4.1777824531874606,1.0,1.0,1.0
508,"Methylthiotransferase, conserved site",20,9980,8.846004597974036e-05,0.025122653058246264,0.7422269539078157,0.002,topq,20,0.0,0.0,11.850684116597263,1.0,40,0.0,0.0,5.986449864498645,1.0,1.0,1.0
1458,GTP binding domain,62,9938,9.097890071786677e-05,0.02583800780387416,0.6376063853959062,0.0062,topq,62,0.0,0.0,1.264192,1.0,124,0.0,0.0,0.6306506024096385,1.0,1.0,1.0
348,"Small ribosomal subunit protein uS2, conserved site",21,9979,0.00011983608026205134,0.03403344679442258,0.7315576997408845,0.0021,topq,21,0.0,0.0,10.77176852352623,1.0,42,0.0,0.0,5.437756497948017,1.0,1.0,1.0
9039,"tRNA (guanine-N1-)-methyltransferase, N-terminal",39,9961,0.00012096465580802319,0.034353962249478585,0.6699589939224514,0.0039,topq,39,0.0,0.0,3.1797788815894883,1.0,78,0.0,0.0,1.5937273240345078,1.0,1.0,1.0
9040,Alpha/beta knot methyltransferases,39,9961,0.00012096465580802319,0.034353962249478585,0.6699589939224514,0.0039,topq,39,0.0,0.0,3.1797788815894883,1.0,78,0.0,0.0,1.5937273240345078,1.0,1.0,1.0
1273,"K Homology domain, type 2",22,9978,0.00023907325573656264,0.0678968046291838,0.7151369376264145,0.0022,topq,22,0.0,0.0,9.83358024691358,1.0,44,0.0,0.0,4.961048689138576,1.0,1.0,1.0
2393,Major facilitator superfamily domain,35,9965,0.0002453626783237116,0.0696830006439341,0.6703376102071537,0.0035,topq,35,0.0,0.0,3.9398928783971434,1.0,70,0.0,0.0,1.9769253820797124,1.0,1.0,1.0
8987,Aminomethyltransferase superfamily,23,9977,0.0003212195140297405,0.0912263419844463,0.7056185748961742,0.0023,topq,23,0.0,0.0,9.012675418741512,1.0,46,0.0,0.0,4.5442690459849,1.0,1.0,1.0
781,"ATP synthase, alpha subunit, C-terminal",24,9976,0.00039352506715353836,0.1117611190716049,0.698012730553328,0.0024,topq,24,0.0,0.0,8.290295710120782,1.0,48,0.0,0.0,4.1777824531874606,1.0,1.0,1.0
2871,"ATP synthase, F1 complex, alpha subunit nucleotide-binding domain",24,9976,0.00039352506715353836,0.1117611190716049,0.698012730553328,0.0024,topq,24,0.0,0.0,8.290295710120782,1.0,48,0.0,0.0,4.1777824531874606,1.0,1.0,1.0
4895,"ATP synthase, F1 complex, alpha subunit",24,9976,0.00039352506715353836,0.1117611190716049,0.698012730553328,0.0024,topq,24,0.0,0.0,8.290295710120782,1.0,48,0.0,0.0,4.1777824531874606,1.0,1.0,1.0
9784,"ATP synthase, alpha subunit, C-terminal domain superfamily",24,9976,0.00039352506715353836,0.1117611190716049,0.698012730553328,0.0024,topq,24,0.0,0.0,8.290295710120782,1.0,48,0.0,0.0,4.1777824531874606,1.0,1.0,1.0
386,"Large ribosomal subunit protein bL35, conserved site",20,9980,0.0005667173799657219,0.160947735910265,0.7102680360721443,0.002,topq,20,0.0,0.0,11.850684116597263,1.0,40,0.0,0.0,5.986449864498645,1.0,1.0,1.0
4137,Large ribosomal subunit protein bL35,20,9980,0.0005667173799657219,0.160947735910265,0.7102680360721443,0.002,topq,20,0.0,0.0,11.850684116597263,1.0,40,0.0,0.0,5.986449864498645,1.0,1.0,1.0
6355,Large ribosomal subunit protein bL35-like,20,9980,0.0005667173799657219,0.160947735910265,0.7102680360721443,0.002,topq,20,0.0,0.0,11.850684116597263,1.0,40,0.0,0.0,5.986449864498645,1.0,1.0,1.0
9695,Large ribosomal subunit protein bL35 superfamily,20,9980,0.0005667173799657219,0.160947735910265,0.7102680360721443,0.002,topq,20,0.0,0.0,11.850684116597263,1.0,40,0.0,0.0,5.986449864498645,1.0,1.0,1.0
8921,"ATP synthase subunit alpha, N-terminal domain-like superfamily",27,9973,0.00062000001475644,0.17608000419082895,0.6796090184238184,0.0027,topq,27,0.0,0.0,6.576198347107438,1.0,54,0.0,0.0,3.3092577147623015,1.0,1.0,1.0
818,Globin,20,9980,0.0009772684846242883,0.2775442496332979,0.700057615230461,0.002,topq,20,0.0,0.0,11.850684116597263,1.0,40,0.0,0.0,5.986449864498645,1.0,1.0,1.0
8607,Globin-like superfamily,23,9977,0.0027268645654245443,0.7744295365805706,0.6674176693351229,0.0023,topq,23,0.0,0.0,9.012675418741512,1.0,46,0.0,0.0,4.5442690459849,1.0,1.0,1.0
294,"4Fe-4S ferredoxin, iron-sulphur binding, conserved site",24,9976,0.01623154016967117,1.0,0.6261381482224004,0.0024,topq,24,0.041666666666666664,17.36111111111111,18.814744801512287,0.05610064547023217,48,0.020833333333333332,8.680555555555555,9.185013876040703,0.10917804394250209,1.0,1.0
2241,"4Fe-4S ferredoxin-type, iron-sulphur binding domain",24,9976,0.01623154016967117,1.0,0.6261381482224004,0.0024,topq,24,0.041666666666666664,17.36111111111111,18.814744801512287,0.05610064547023217,48,0.020833333333333332,8.680555555555555,9.185013876040703,0.10917804394250209,1.0,1.0
21,"Serine/threonine-protein kinase, active site",52,9948,0.823235295230311,1.0,0.4627746976585939,0.0052,topq,52,0.0,0.0,1.7952834467120182,1.0,104,0.0,0.0,0.8971975393028024,1.0,1.0,1.0
126,"Protein kinase, ATP binding site",49,9951,0.7744053975806119,1.0,0.46886273351668073,0.0049,topq,49,0.0,0.0,2.020712172227324,1.0,98,0.0,0.0,1.0104599292416552,1.0,1.0,1.0
134,"EF-Hand 1, calcium-binding site",22,9978,0.9830984761578614,1.0,0.3692714881830937,0.0022,topq,22,0.0,0.0,9.83358024691358,1.0,44,0.0,0.0,4.961048689138576,1.0,1.0,1.0
179,"ATP-dependent RNA helicase DEAD-box, conserved site",30,9970,0.008366001041880993,1.0,0.6262520896021397,0.003,topq,30,0.0,0.0,5.342918570276807,1.0,60,0.0,0.0,2.685408481235605,1.0,1.0,1.0
191,"Aminoacyl-tRNA synthetase, class I, conserved site",78,9922,1.0,1.0,0.16840005892112322,0.0078,topq,78,0.0,0.0,0.7987747981662542,1.0,156,0.0,0.0,0.3974888585905863,1.0,1.0,1.0
306,"Homeobox, conserved site",28,9972,0.10378943161257925,1.0,0.568830224628961,0.0028,topq,28,0.0,0.0,6.121575869498307,1.0,56,0.0,0.0,3.0791802515137396,1.0,1.0,1.0
307,"Cytochrome P450, conserved site",36,9964,0.02994296882904587,1.0,0.5906680717248762,0.0036,topq,36,0.0,0.0,3.7262150497279034,1.0,72,0.0,0.0,1.8691544638639583,1.0,1.0,1.0
330,"Small ribosomal subunit protein uS4, conserved site",23,9977,0.9999758567583364,1.0,0.2551825720897194,0.0023,topq,23,0.0,0.0,9.012675418741512,1.0,46,0.0,0.0,4.5442690459849,1.0,1.0,1.0
376,"DnaJ domain, conserved site",22,9978,0.9513667028770315,1.0,0.39786165928679457,0.0022,topq,22,0.0,0.0,9.83358024691358,1.0,44,0.0,0.0,4.961048689138576,1.0,1.0,1.0
448,"WD40 repeat, conserved site",27,9973,0.98217768336696,1.0,0.38315860230028487,0.0027,topq,27,0.0,0.0,6.576198347107438,1.0,54,0.0,0.0,3.3092577147623015,1.0,1.0,1.0
474,"Large ribosomal subunit protein uL14, conserved site",25,9975,0.6624579906855507,1.0,0.4757774436090226,0.0025,topq,25,0.0,0.0,7.6512879661668585,1.0,50,0.0,0.0,3.85381479324403,1.0,1.0,1.0
507,"Small ribosomal subunit protein uS7, conserved site",22,9978,0.772137496981574,1.0,0.4540580185499007,0.0022,topq,22,0.0,0.0,9.83358024691358,1.0,44,0.0,0.0,4.961048689138576,1.0,1.0,1.0
520,"Enolase, conserved site",21,9979,0.9993220887865973,1.0,0.29802346833111437,0.0021,topq,21,0.0,0.0,10.77176852352623,1.0,42,0.0,0.0,5.437756497948017,1.0,1.0,1.0
538,"Small ribosomal subunit protein uS19, conserved site",22,9978,0.9999764363447623,1.0,0.24934401137046958,0.0022,topq,22,0.0,0.0,9.83358024691358,1.0,44,0.0,0.0,4.961048689138576,1.0,1.0,1.0
548,"S-adenosylmethionine synthetase, conserved site",20,9980,0.6333726821759055,1.0,0.47798847695390784,0.002,topq,20,0.0,0.0,11.850684116597263,1.0,40,0.0,0.0,5.986449864498645,1.0,1.0,1.0
609,"Tr-type G domain, conserved site",56,9944,0.2645354547888908,1.0,0.5243425683829445,0.0056,topq,56,0.0,0.0,1.5488291957083562,1.0,112,0.0,0.0,0.7734513274336283,1.0,1.0,1.0
