layer_id,latent_ind,flattened_id,latent_i,domain_idx,entry_name,n_in,n_out,mwu_p,mwu_p_adj,mwu_auc,prevalence,summary_kind,k_1x,precision_1x,lift_1x,or_topk_1x,fisher_p_1x,k_2x,precision_2x,lift_2x,or_topk_2x,fisher_p_2x,fisher_p_adj_1x,fisher_p_adj_2x
20,1505,17889,202,9005,P-loop containing nucleoside triphosphate hydrolase,652,9348,0.0,0.0,0.9969974877339991,0.0652,topq,652,0.9003067484662577,13.808385712672665,1289.7327810650888,0.0,1304,0.49923312883435583,7.6569498287477895,8668.369065849924,0.0,0.0,0.0
24,3996,24476,355,9005,P-loop containing nucleoside triphosphate hydrolase,652,9348,0.0,0.0,0.9924211176039756,0.0652,topq,652,0.8343558282208589,12.796868530994768,430.94650205761315,0.0,1304,0.4976993865030675,7.633426173359932,2871.1231552162853,0.0,0.0,0.0
12,1256,9448,73,9005,P-loop containing nucleoside triphosphate hydrolase,652,9348,0.0,0.0,0.9895183609367576,0.0652,topq,652,0.8205521472392638,12.585155632504048,360.7703265395573,0.0,1304,0.4915644171779141,7.539331551808499,763.3463595228301,0.0,0.0,0.0
8,488,4584,51,9059,Alpha/Beta hydrolase fold,63,9937,0.0,0.0,0.9710485582982312,0.0063,topq,63,0.6349206349206349,100.78105316200553,749.640831758034,7.399567392943611e-79,126,0.373015873015873,59.208868732678255,366.55537974683546,9.554849284020572e-80,2.1014771395959857e-76,2.7135771966618424e-77
24,3264,23744,336,9005,P-loop containing nucleoside triphosphate hydrolase,652,9348,0.0,0.0,0.9431927960706795,0.0652,topq,652,0.5920245398773006,9.0801309797132,49.54564983888292,0.0,1304,0.41180981595092025,6.316101471639882,52.24190238648603,0.0,0.0,0.0
20,1763,18147,208,9005,P-loop containing nucleoside triphosphate hydrolase,652,9348,0.0,0.0,0.9391020781978888,0.0652,topq,652,0.5674846625766872,8.703752493507473,42.18122830843519,8.179145686357047e-306,1304,0.4156441717791411,6.374910610109526,55.519112383679314,0.0,2.3228773749254014e-303,0.0
12,904,9096,69,9005,P-loop containing nucleoside triphosphate hydrolase,652,9348,0.0,0.0,0.9548070221378675,0.0652,topq,652,0.5138036809815951,7.880424554932441,30.106628586213418,1.5226368040954403e-251,1304,0.4102760736196319,6.292577816252024,51.0126926966979,0.0,4.3242885236310505e-249,0.0
16,2536,14824,151,9005,P-loop containing nucleoside triphosphate hydrolase,652,9348,5.303154006796167e-309,1.5060957379301113e-306,0.9327508623609,0.0652,topq,652,0.6196319018404908,9.503556776694644,59.77497398543184,0.0,1304,0.3665644171779141,5.622153637698069,28.34262892766692,2.1989418486776236e-306,0.0,6.244994850244451e-304
24,1909,22389,302,9005,P-loop containing nucleoside triphosphate hydrolase,652,9348,2.2675371307614272e-294,6.439805451362453e-292,0.9274427324108565,0.0652,topq,652,0.5843558282208589,8.96251270277391,47.090004221075425,5e-324,1304,0.370398773006135,5.680962776167715,29.68339231273739,1.0827122522e-313,1.403e-321,3.074902796266e-311
16,3994,16282,172,9005,P-loop containing nucleoside triphosphate hydrolase,652,9348,1.36892439518275e-279,3.8877452823190097e-277,0.910857461718789,0.0652,topq,652,0.5030674846625767,7.715758967217434,28.19570187471422,2.6896985465407706e-241,1304,0.3351226993865031,5.13991870224698,19.882497787076524,4.4552743646213997e-250,7.6387438721757885e-239,1.2652979195524776e-247
12,2797,10989,89,8740,Aldolase-type TIM barrel,245,9755,3.774401381155604e-217,1.0719299922481914e-214,0.9624634148892771,0.0245,topq,245,0.6285714285714286,25.65597667638484,179.71935756551142,2.9571641669025474e-207,490,0.4020408163265306,16.409829237817576,132.53796928327645,4.127974340130975e-227,8.398346234003235e-205,1.172344712597197e-224
16,2341,14629,147,8740,Aldolase-type TIM barrel,245,9755,1.8883048860591195e-147,5.362785876407899e-145,0.9803048149039216,0.0245,topq,245,0.6693877551020408,27.321949187838403,241.8131382411218,2.1127264206224135e-230,490,0.45102040816326533,18.40899625156185,324.72211895910783,3.6246030583618474e-282,6.000143034567655e-228,1.0293872685747647e-279
24,1427,21907,294,8740,Aldolase-type TIM barrel,245,9755,2.6217717116841944e-144,7.445831661183112e-142,0.975961045617632,0.0245,topq,245,0.5183673469387755,21.157850895460225,87.8985205400747,9.737432816862145e-151,490,0.42857142857142855,17.492711370262388,203.0357142857143,8.512647644497618e-256,2.765430919988849e-148,2.4175919310373236e-253
28,213,24789,359,8740,Aldolase-type TIM barrel,245,9755,1.3047208168492762e-142,3.705407119851944e-140,0.974239270285254,0.0245,topq,245,0.6,24.489795918367346,147.8112244897959,8.557357744401792e-192,490,0.38979591836734695,15.910037484381508,111.86027499070978,1.2689828718515476e-214,2.430289599410109e-189,3.6039113560583954e-212
12,1377,9569,74,9278,NAD(P)-binding domain superfamily,206,9794,4.583818052491898e-131,1.301804326907699e-128,0.9891351649811356,0.0206,topq,206,0.5339805825242718,25.921387501178245,115.75303819444444,1.4424662573793585e-141,412,0.48058252427184467,23.32924875106042,1107.9672897196263,2.528838954195297e-285,4.096604170957378e-139,7.181902629914644e-283
12,3794,11986,100,9063,S-adenosyl-L-methionine-dependent methyltransferase superfamily,179,9821,2.734427553034615e-128,7.765774250618306e-126,0.9929406772285361,0.0179,topq,179,0.7039106145251397,39.32461533659998,438.1516553933784,4.7711472246620975e-201,358,0.4664804469273743,26.060360163540462,701.6623036649214,8.237751520458606e-244,1.3550058118040358e-198,2.339521431810244e-241
16,391,12679,111,9063,S-adenosyl-L-methionine-dependent methyltransferase superfamily,179,9821,3.7950247720935067e-122,1.077787035274556e-119,0.9982664555885546,0.0179,topq,179,0.8659217877094972,48.37551886645236,2636.3454861111113,2.115646200778582e-287,358,0.4888268156424581,27.308760650416655,2304.1666666666665,4.516695085295963e-268,6.008435210211173e-285,1.2827414042240533e-265
12,3536,11728,94,9063,S-adenosyl-L-methionine-dependent methyltransferase superfamily,179,9821,7.350522287377796e-121,2.087548329615294e-118,0.9929338511307715,0.0179,topq,179,0.6871508379888268,38.38831497144284,383.00223214285717,3.139506277062519e-193,358,0.46368715083798884,25.90431010268094,640.3902243589744,5.308426162223606e-241,8.916197826857554e-191,1.507593030071504e-238
12,899,9091,68,9063,S-adenosyl-L-methionine-dependent methyltransferase superfamily,179,9821,1.7045836997674188e-117,4.841017707339469e-115,0.989718190242207,0.0179,topq,179,0.5698324022346368,31.83421241534284,167.63164108618653,5.668956466856742e-143,358,0.44692737430167595,24.968009737523797,409.27166400850604,7.405020226687157e-225,1.6099836365873147e-140,2.1030257443791528e-222
12,798,8990,66,1206,AAA+ ATPase domain,175,9825,1.074286921310333e-115,3.050974856521346e-113,0.9888174482006543,0.0175,topq,175,0.7714285714285715,44.08163265306122,825.6093749999999,1.489891372447375e-230,350,0.4714285714285714,26.938775510204078,859.7837837837837,5.5273811127748746e-245,4.231291497750545e-228,1.5697762360280643e-242
20,1763,18147,208,1206,AAA+ ATPase domain,175,9825,1.0527567469255138e-114,2.989829161268459e-112,0.9942842602689931,0.0175,topq,175,0.76,43.42857142857142,737.6071428571428,8.702949248486799e-225,350,0.4685714285714286,26.77551020408163,772.6275659824047,4.297653820336017e-242,2.4716375865702508e-222,1.2205336849754286e-239
16,1236,13524,126,9063,S-adenosyl-L-methionine-dependent methyltransferase superfamily,179,9821,1.566409629367666e-114,4.448603347404171e-112,0.989474441667866,0.0179,topq,179,0.6927374301675978,38.700415093161894,400.32528925619835,8.129246514680256e-196,358,0.3994413407821229,22.315158702911894,177.47519379844962,6.511466018402824e-184,2.3087060101691925e-193,1.849256349226402e-181
16,3994,16282,172,1206,AAA+ ATPase domain,175,9825,3.3343715632709615e-114,9.46961523968953e-112,0.9913454016721193,0.0175,topq,175,0.7657142857142857,43.75510204081632,779.926234384295,1.170879159714405e-227,350,0.45714285714285713,26.122448979591834,540.9122807017543,6.253772688007568e-231,3.32529681358891e-225,1.7760714433941494e-228
24,950,21430,278,9063,S-adenosyl-L-methionine-dependent methyltransferase superfamily,179,9821,4.2747382796633965e-113,1.2140256714244046e-110,0.9846719974697931,0.0179,topq,179,0.553072625698324,30.897912050185703,150.68109375,2.2241744264318565e-136,358,0.4273743016759777,23.875659311507135,276.0315196998124,2.920636666213709e-207,6.316655371066472e-134,8.294608132046934e-205
24,3264,23744,336,1206,AAA+ ATPase domain,175,9825,2.333722629845295e-111,6.627772268760637e-109,0.9913826245001818,0.0175,topq,175,0.6685714285714286,38.20408163265306,339.6964922711058,8.113225187556103e-182,350,0.4657142857142857,26.61224489795918,700.0864527629234,3.027905633596783e-239,2.3041559532659333e-179,8.599251999414863e-237
24,1909,22389,302,1206,AAA+ ATPase domain,175,9825,1.1819759999033423e-109,3.356811839725492e-107,0.9878432569974555,0.0175,topq,175,0.6514285714285715,37.224489795918366,299.13894114485356,2.5304118336959698e-174,350,0.44,25.142857142857142,360.2687074829932,3.7211593688631883e-215,7.186369607696555e-172,1.0568092607571455e-212
16,2536,14824,151,1206,AAA+ ATPase domain,175,9825,1.0785954312147671e-107,3.0632110246499385e-105,0.977551145038168,0.0175,topq,175,0.5714285714285714,32.65306122448979,173.33333333333331,2.0521097213996065e-141,350,0.3628571428571429,20.73469387755102,113.92507473841555,1.1160628588868586e-153,5.827991608774882e-139,3.169618519238678e-151
20,1505,17889,202,1206,AAA+ ATPase domain,175,9825,8.504083945026536e-107,2.415159840387536e-104,0.9809544165757906,0.0175,topq,175,0.5485714285714286,31.346938775510203,149.91443678897613,1.3425215759792275e-132,350,0.3057142857142857,17.46938775510204,62.04756717501815,2.607060032100655e-115,3.8127612757810065e-130,7.40405049116586e-113
12,1204,9396,72,9559,Histidine kinase/HSP90-like ATPase superfamily,31,9969,1.2034361814676208e-86,3.417758755368043e-84,0.9887845870585913,0.0031,topq,31,0.6774193548387096,218.52237252861602,2091.3900000000003,1.0165809684795294e-49,62,0.3387096774193548,109.26118626430801,508.5073170731707,4.096717184677805e-41,2.8870899504818636e-47,1.1634676804484966e-38
12,2112,10304,80,9059,Alpha/Beta hydrolase fold,63,9937,8.753700938204992e-85,2.4860510664502178e-82,1.0,0.0063,topq,63,1.0,158.73015873015873,2524125.0,2.4111925520552505e-165,126,0.5,79.36507936507937,19749.0,1.4551388963649666e-128,6.847786847836912e-163,4.132594465676505e-126
12,1256,9448,73,1395,Small GTP-binding domain,128,9872,3.46656608306286e-84,9.845047675898523e-82,0.9934374841724068,0.0128,topq,128,0.640625,50.048828125,380.7807183364839,1.1663286746046846e-135,256,0.44140625,34.48486328125,512.5300699300699,4.469786651466192e-174,3.3123734358773043e-133,1.2694194090163985e-171
24,3996,24476,355,1395,Small GTP-binding domain,128,9872,1.8069626450631095e-82,5.131773911979231e-80,0.9929321882597245,0.0128,topq,128,0.546875,42.724609375,204.21521997621878,2.045571615871544e-106,256,0.4609375,36.0107421875,832.3275362318841,4.8926904794336963e-188,5.809423389075184e-104,1.3895240961591697e-185
12,2797,10989,89,8673,Ribulose-phosphate binding barrel,76,9924,2.6784843212820677e-80,7.606895472441072e-78,0.9960635036806041,0.0076,topq,76,0.6447368421052632,84.83379501385042,665.2304526748972,5.160302201071458e-93,152,0.4144736842105263,54.536011080332415,535.5272255834053,1.3149142392848907e-107,1.465525825104294e-90,3.73435643956909e-105
12,1796,9988,77,9559,Histidine kinase/HSP90-like ATPase superfamily,31,9969,1.3649976568225258e-53,3.8765933453759736e-51,1.0,0.0031,topq,31,1.0,322.5806451612903,1256157.0,8.614637847993903e-91,62,0.5,161.29032258064515,19877.0,4.009496707482248e-73,2.4465571488302686e-88,1.1386970649249584e-70
16,1504,13792,136,9059,Alpha/Beta hydrolase fold,63,9937,7.135226859964426e-52,2.026404428229897e-49,0.9999968052700265,0.0063,topq,63,0.9841269841269841,156.21063240110857,616032.0,1.509483695748253e-159,126,0.5,79.36507936507937,19749.0,1.4551388963649666e-128,4.286933695925039e-157,4.132594465676505e-126
12,1377,9569,74,9235,FAD/NAD(P)-binding domain superfamily,75,9925,1.9671903949788e-51,5.586820721739792e-49,0.9978176322418136,0.0075,topq,75,0.92,122.66666666666667,19011.416666666668,8.746165754191279e-162,150,0.49333333333333335,65.77777777777779,9589.815789473683,2.9568370169456425e-143,2.4839110741903233e-159,8.397417128125625e-141
20,878,17262,192,8644,Protein kinase-like domain superfamily,78,9922,2.259252068722638e-51,6.416275875172292e-49,0.9604356286728792,0.0078,topq,78,0.8461538461538461,108.48126232741618,4542.083333333333,1.2549455840040933e-144,156,0.42948717948717946,55.062458908612754,672.9427987742595,3.985184170682431e-116,3.564045458571625e-142,1.1317923044738104e-113
24,2848,23328,327,8644,Protein kinase-like domain superfamily,78,9922,6.865426323037973e-51,1.9497810757427842e-48,0.9876614516304095,0.0078,topq,78,0.8205128205128205,105.19395134779751,3235.2653061224487,1.5961763847230913e-137,156,0.4230769230769231,54.24063116370809,600.8444444444445,2.4314297052360537e-113,4.5331409326135794e-135,6.905260362870392e-111
24,1822,22302,297,8644,Protein kinase-like domain superfamily,78,9922,3.4735836492550375e-50,9.864977563884307e-48,0.9818946759079796,0.0078,topq,78,0.8205128205128205,105.19395134779751,3235.2653061224487,1.5961763847230913e-137,156,0.44871794871794873,57.52794214332676,1000.7558139534884,8.599796615190654e-125,4.5331409326135794e-135,2.442342238714146e-122
28,213,24789,359,8673,Ribulose-phosphate binding barrel,76,9924,1.6554598131649887e-49,4.701505869388568e-47,0.9900944546978087,0.0076,topq,76,0.5657894736842105,74.44598337950139,390.55371900826447,7.674290992683518e-77,152,0.3815789473684211,50.20775623268698,336.96217494089836,1.507021095694658e-94,2.179498641922119e-74,4.279939911772829e-92
20,3616,20000,245,9059,Alpha/Beta hydrolase fold,63,9937,6.96686025617926e-49,1.9785883127549097e-46,0.9999281185755977,0.0063,topq,63,0.9682539682539683,153.69110607205846,151508.75,2.3247370315555028e-154,126,0.5,79.36507936507937,19749.0,1.4551388963649666e-128,6.602253169617628e-152,4.132594465676505e-126
20,878,17262,192,767,Protein kinase domain,63,9937,7.903907620311239e-49,2.244709764168392e-46,0.9985527873220336,0.0063,topq,63,0.9841269841269841,156.21063240110857,616032.0,1.509483695748253e-159,126,0.49206349206349204,78.10531620055428,9564.46875,1.4144995953749243e-124,4.286933695925039e-157,4.017178850864785e-122
20,1276,17660,199,9059,Alpha/Beta hydrolase fold,63,9937,2.9487477727971296e-48,8.374443674743848e-46,0.9433470546985693,0.0063,topq,63,0.6666666666666666,105.82010582010581,944.3809523809523,1.1187391921364006e-84,126,0.36507936507936506,57.949105568153186,333.39852941176474,3.2560170071358057e-77,3.1772193056673775e-82,9.247088300265688e-75
12,798,8990,66,1194,"ABC transporter-like, ATP-binding domain",67,9933,1.5063140840308555e-47,4.2779319986476294e-45,0.9967934414307201,0.0067,topq,67,0.6417910447761194,95.7897081755402,739.7343750000001,5.915665159200878e-84,134,0.417910447761194,62.3746936957006,643.2167832167831,2.4234761576474722e-99,1.6800489052130494e-81,6.882672287718821e-97
16,2175,14463,145,9059,Alpha/Beta hydrolase fold,63,9937,2.2757318482775534e-47,6.463078449108252e-45,0.9970424787270918,0.0063,topq,63,0.6031746031746031,95.74200050390526,602.6496000000001,3.152242027601223e-73,126,0.4444444444444444,70.54673721340387,1127.6571428571428,1.2178125095256084e-104,8.952367358387473e-71,3.4585875270527277e-102
24,3066,23546,332,9059,Alpha/Beta hydrolase fold,63,9937,2.126476782217403e-46,6.039194061497424e-44,0.9999712474302391,0.0063,topq,63,0.9682539682539683,153.69110607205846,151508.75,2.3247370315555028e-154,126,0.5,79.36507936507937,19749.0,1.4551388963649666e-128,6.602253169617628e-152,4.132594465676505e-126
16,2536,14824,151,1194,"ABC transporter-like, ATP-binding domain",67,9933,2.893832186036357e-46,8.218483408343254e-44,0.9962690323676092,0.0067,topq,67,0.7014925373134329,104.70037870349744,1164.7775000000001,9.30847322550278e-96,134,0.41044776119402987,61.26085987970595,571.6983122362868,1.4111004120461061e-96,2.6436063960427895e-93,4.0075251702109414e-94
12,798,8990,66,292,"ABC transporter-like, conserved site",65,9935,3.2028115930149792e-46,9.095984924162541e-44,0.9969122372343309,0.0065,topq,65,0.6307692307692307,97.0414201183432,705.4704861111111,5.418810990777567e-80,130,0.4153846153846154,63.905325443786985,636.8253588516747,3.2612950078913515e-96,1.538942321380829e-77,9.262077822411438e-94
20,3615,19999,244,9059,Alpha/Beta hydrolase fold,63,9937,4.6600261510198685e-46,1.3234474268896427e-43,0.998420206028136,0.0063,topq,63,0.9365079365079365,148.65205341395819,36627.9375,5.831674726185541e-145,126,0.49206349206349204,78.10531620055428,9564.46875,1.4144995953749243e-124,1.656195622236694e-142,4.017178850864785e-122
16,3994,16282,172,1194,"ABC transporter-like, ATP-binding domain",67,9933,8.353816290930799e-46,2.3724838266243467e-43,0.9929475245337793,0.0067,topq,67,0.5074626865671642,75.74069948763645,309.09090909090907,5.682093469103794e-60,134,0.40298507462686567,60.147026063711294,511.5980769230769,7.35507868626919e-94,1.6137145452254774e-57,2.0888423469004498e-91
16,1880,14168,143,9059,Alpha/Beta hydrolase fold,63,9937,1.4589027406756193e-45,4.143283783518759e-43,1.0,0.0063,topq,63,1.0,158.73015873015873,2524125.0,2.4111925520552505e-165,126,0.5,79.36507936507937,19749.0,1.4551388963649666e-128,6.847786847836912e-163,4.132594465676505e-126
20,2500,18884,227,8787,WD40/YVTN repeat-like-containing domain superfamily,57,9943,3.462436596436233e-45,9.833319933878901e-43,0.9991671827663294,0.0057,topq,57,0.8070175438596491,141.58202523853492,3775.801652892562,2.0532962493561155e-104,114,0.5,87.71929824561403,19773.0,7.364489662581701e-119,5.831361348171368e-102,2.091515064173203e-116
16,3092,15380,156,9059,Alpha/Beta hydrolase fold,63,9937,5.143006289032233e-45,1.4606137860851543e-42,0.9996006587533205,0.0063,topq,63,0.9682539682539683,153.69110607205846,151508.75,2.3247370315555028e-154,126,0.49206349206349204,78.10531620055428,9564.46875,1.4144995953749243e-124,6.602253169617628e-152,4.017178850864785e-122
16,2536,14824,151,292,"ABC transporter-like, conserved site",65,9935,5.878583712974864e-45,1.6695177744848616e-42,0.9962866323409857,0.0065,topq,65,0.6923076923076923,106.50887573964498,1115.4375,1.019893662804856e-91,130,0.4153846153846154,63.905325443786985,636.8253588516747,3.2612950078913515e-96,2.896498002365791e-89,9.262077822411438e-94
20,1960,18344,213,9059,Alpha/Beta hydrolase fold,63,9937,1.0121767128138467e-44,2.8745818643913246e-42,1.0,0.0063,topq,63,1.0,158.73015873015873,2524125.0,2.4111925520552505e-165,126,0.5,79.36507936507937,19749.0,1.4551388963649666e-128,6.847786847836912e-163,4.132594465676505e-126
16,3994,16282,172,292,"ABC transporter-like, conserved site",65,9935,1.484008071971314e-44,4.214582924398532e-42,0.993224420270218,0.0065,topq,65,0.5076923076923077,78.10650887573965,319.1396484375,1.0793163266950656e-58,130,0.4076923076923077,62.72189349112426,565.448051948052,1.8794427842868453e-93,3.0652583678139865e-56,5.337617507374641e-91
24,950,21430,278,9059,Alpha/Beta hydrolase fold,63,9937,3.4768264680498936e-44,9.874187169261698e-42,0.9999536764153851,0.0063,topq,63,0.9841269841269841,156.21063240110857,616032.0,1.509483695748253e-159,126,0.5,79.36507936507937,19749.0,1.4551388963649666e-128,4.286933695925039e-157,4.132594465676505e-126
16,2836,15124,154,9059,Alpha/Beta hydrolase fold,63,9937,4.656905050105664e-44,1.3225610342300086e-41,0.9868640690317253,0.0063,topq,63,0.8412698412698413,133.53489543965733,5261.31,7.937524112204105e-121,126,0.42063492063492064,66.76744771982867,716.1534246575342,7.243009083476648e-96,2.2542568478659656e-118,2.057014579707368e-93
24,1822,22302,297,767,Protein kinase domain,63,9937,7.233283382902928e-44,2.0542524807444316e-41,0.9993810210676468,0.0063,topq,63,0.9841269841269841,156.21063240110857,616032.0,1.509483695748253e-159,126,0.49206349206349204,78.10531620055428,9564.46875,1.4144995953749243e-124,4.286933695925039e-157,4.017178850864785e-122
20,136,16520,175,9059,Alpha/Beta hydrolase fold,63,9937,1.3491121118733544e-43,3.831478397720326e-41,0.9999824289851461,0.0063,topq,63,0.9682539682539683,153.69110607205846,151508.75,2.3247370315555028e-154,126,0.5,79.36507936507937,19749.0,1.4551388963649666e-128,6.602253169617628e-152,4.132594465676505e-126
24,2848,23328,327,767,Protein kinase domain,63,9937,4.665536741140482e-43,1.325012434483897e-40,0.9968180489464579,0.0063,topq,63,0.9841269841269841,156.21063240110857,616032.0,1.509483695748253e-159,126,0.49206349206349204,78.10531620055428,9564.46875,1.4144995953749243e-124,4.286933695925039e-157,4.017178850864785e-122
28,1879,26455,371,9059,Alpha/Beta hydrolase fold,63,9937,9.142340570445682e-43,2.5964247220065738e-40,0.9978675177427316,0.0063,topq,63,0.7936507936507936,125.97631645250692,2936.0946745562132,3.7058402370693854e-110,126,0.47619047619047616,75.58578987150415,2991.212121212121,2.0261342410476785e-117,1.0524586273277054e-107,5.754221244575407e-115
24,1865,22345,300,9059,Alpha/Beta hydrolase fold,63,9937,1.0253707344259385e-42,2.9120528857696653e-40,0.9947877980483395,0.0063,topq,63,0.8412698412698413,133.53489543965733,5261.31,7.937524112204105e-121,126,0.42857142857142855,68.02721088435374,822.0833333333333,9.923718864611803e-99,2.2542568478659656e-118,2.818336157549752e-96
12,1256,9448,73,1458,GTP binding domain,62,9938,1.1312855814071361e-42,3.2128510511962664e-40,0.9967500113607592,0.0062,topq,62,0.5,80.64516129032258,319.5806451612903,1.6992866603071808e-55,124,0.4838709677419355,78.04370447450573,4628.4375,2.6463355335231707e-119,4.825974115272394e-53,7.515592915205805e-117
16,708,12996,115,8787,WD40/YVTN repeat-like-containing domain superfamily,57,9943,2.579354428909556e-42,7.325366578103139e-40,0.9989183962622034,0.0057,topq,57,0.7543859649122807,132.34841489689134,2178.3010204081634,3.840878686563216e-94,114,0.5,87.71929824561403,19773.0,7.364489662581701e-119,1.0908095469839534e-91,2.091515064173203e-116
16,1836,14124,141,767,Protein kinase domain,63,9937,3.2567649836373295e-42,9.249212553530015e-40,0.9946759824992693,0.0063,topq,63,0.8253968253968254,131.0153691106072,4265.719008264463,3.451536358706469e-117,126,0.47619047619047616,75.58578987150415,2991.212121212121,2.0261342410476785e-117,9.802363258726372e-115,5.754221244575407e-115
16,1836,14124,141,8644,Protein kinase-like domain superfamily,78,9922,5.896252278461506e-42,1.6745356470830677e-39,0.9434796541226697,0.0078,topq,78,0.7307692307692307,93.68836291913215,1279.7210884353742,1.3616508815843197e-114,156,0.38461538461538464,49.30966469428009,341.18055555555554,1.610095725786064e-97,3.8670885036994678e-112,4.572671861232422e-95
24,3996,24476,355,1458,GTP binding domain,62,9938,6.911904340478789e-42,1.962980832695976e-39,0.9966453300787463,0.0062,topq,62,0.6451612903225806,104.0582726326743,819.5041322314049,9.906070680659445e-80,124,0.4274193548387097,68.93860561914673,818.3896713615025,3.8714415194098303e-97,2.8133240733072824e-77,1.0994893915123917e-94
20,878,17262,192,21,"Serine/threonine-protein kinase, active site",52,9948,1.2975694581119378e-40,3.6850972610379033e-38,0.9979624818285856,0.0052,topq,52,0.8461538461538461,162.72189349112426,6833.75,1.6446315295335155e-104,104,0.49038461538461536,94.30473372781066,9521.603773584906,1.41600837600597e-106,4.670753543875184e-102,4.021463787856955e-104
24,231,20711,267,8787,WD40/YVTN repeat-like-containing domain superfamily,57,9943,7.391334426226639e-40,2.0991389770483657e-37,0.9986625519849105,0.0057,topq,57,0.7368421052631579,129.27054478301014,1853.2266666666667,7.28880112602528e-91,114,0.5,87.71929824561403,19773.0,7.364489662581701e-119,2.0700195197911795e-88,2.091515064173203e-116
12,3035,11227,91,8787,WD40/YVTN repeat-like-containing domain superfamily,57,9943,1.0770392131676138e-39,3.0587913653960234e-37,0.9948813500108513,0.0057,topq,57,0.8596491228070176,150.8156355801785,7606.484375,1.8567684318494145e-115,114,0.45614035087719296,80.02462296091105,1657.458064516129,3.74821582357749e-101,5.273222346452337e-113,1.0644932938960071e-98
20,3775,20159,250,8787,WD40/YVTN repeat-like-containing domain superfamily,57,9943,2.8176192528465355e-39,8.00203867808416e-37,0.9992624627040799,0.0057,topq,57,0.8245614035087719,144.65989535241613,4668.51,5.3215384519777956e-108,114,0.4824561403508772,84.64142813173284,4606.949152542373,3.3572632368989896e-111,1.511316920361694e-105,9.53462759279313e-109
12,2477,10669,85,8787,WD40/YVTN repeat-like-containing domain superfamily,57,9943,3.380169346985607e-39,9.599680945439124e-37,0.9916153654779613,0.0057,topq,57,0.5964912280701754,104.64758387196059,637.5803402646503,8.36146129103351e-67,114,0.42105263157894735,73.86888273314865,798.1414141414141,4.4383398551846355e-89,2.374655006653517e-64,1.2604885188724365e-86
20,838,17222,189,9263,MFS transporter superfamily,50,9950,2.471368813874389e-38,7.018687431403264e-36,0.9958633165829146,0.005,topq,50,0.5,100.0,397.0,2.4045094145835714e-47,100,0.41,82.0,763.7118644067797,1.7371783511218385e-77,6.828806737417343e-45,4.933586517186021e-75
20,878,17262,192,126,"Protein kinase, ATP binding site",49,9951,2.690059363582953e-38,7.639768592575587e-36,0.9972661961981054,0.0049,topq,49,0.7551020408163265,154.1024573094544,2553.7708333333335,1.2349218359711154e-83,98,0.4897959183673469,99.95835068721367,9504.960000000001,1.6920498027614634e-101,3.5071780141579677e-81,4.805421439842556e-99
24,1822,22302,297,21,"Serine/threonine-protein kinase, active site",52,9948,1.4947123277038127e-36,4.244983010678828e-34,0.9990266694503727,0.0052,topq,52,0.8461538461538461,162.72189349112426,6833.75,1.6446315295335155e-104,104,0.49038461538461536,94.30473372781066,9521.603773584906,1.41600837600597e-106,4.670753543875184e-102,4.021463787856955e-104
24,2848,23328,327,21,"Serine/threonine-protein kinase, active site",52,9948,8.215617771612909e-36,2.333235447138066e-33,0.9959423618199251,0.0052,topq,52,0.9230769230769231,177.5147928994083,29832.000000000004,1.0170621008657693e-120,104,0.49038461538461536,94.30473372781066,9521.603773584906,1.41600837600597e-106,2.888456366458785e-118,4.021463787856955e-104
12,2797,10989,89,5086,Histidine biosynthesis protein,32,9968,1.1994454183125734e-35,3.406424988007708e-33,0.9996833617576244,0.0032,topq,32,0.9375,292.96875,74745.0,6.81342057821698e-83,64,0.484375,151.3671875,9332.878787878788,4.883166182639566e-71,1.9350114442136226e-80,1.3868191958696367e-68
24,1097,21577,286,9263,MFS transporter superfamily,50,9950,2.081831707228939e-35,5.9124020485301864e-33,0.9799698492462312,0.005,topq,50,0.5,100.0,397.0,2.4045094145835714e-47,100,0.33,66.0,286.33801580333625,2.3766612982360665e-56,6.828806737417343e-45,6.749718086990429e-54
24,41,20521,261,9263,MFS transporter superfamily,50,9950,2.3880650321301411e-35,6.782104691249601e-33,0.9983195979899497,0.005,topq,50,0.92,184.0,28594.75,3.2321530084119556e-116,100,0.49,98.0,9510.803921568628,3.3674225975099004e-103,9.179314543889953e-114,9.563480176928117e-101
24,471,20951,271,9050,Nucleotide-diphospho-sugar transferases,50,9950,3.7512022169735024e-35,1.0653414296204747e-32,0.9996663316582914,0.005,topq,50,0.86,172.0,8725.489795918367,6.566356794715747e-104,100,0.5,100.0,19801.0,3.4691082832476854e-107,1.864845329699272e-101,9.852267524423426e-105
16,1836,14124,141,21,"Serine/threonine-protein kinase, active site",52,9948,4.989641164017338e-35,1.4170580905809242e-32,0.9931489901333086,0.0052,topq,52,0.6923076923076923,133.1360946745562,1396.6875,4.149946745376148e-77,104,0.46153846153846156,88.75739644970415,2119.714285714286,4.294553855559453e-96,1.1785848756868261e-74,1.2196532949788848e-93
20,1966,18350,214,8834,Acyl-CoA N-acyltransferase,25,9975,5.05499187422501e-35,1.435617692279903e-32,0.999859649122807,0.0025,topq,25,0.92,368.0,57344.75,2.3854260130991067e-65,50,0.5,200.0,19901.0,2.0205457174261007e-61,6.774609877201463e-63,5.7383498374901255e-59
20,2500,18884,227,10047,WD40 repeat,43,9957,1.446154057456253e-34,4.107077523175759e-32,0.9986581836781883,0.0043,topq,43,0.6976744186046512,162.24986479177934,1765.2071005917157,3.646282017047809e-67,86,0.5,116.27906976744185,19829.0,4.389622219198707e-95,1.0355440928415777e-64,1.246652710252433e-92
24,1822,22302,297,126,"Protein kinase, ATP binding site",49,9951,1.7630004302351159e-34,5.006921221867729e-32,0.9983480277851268,0.0049,topq,49,0.7551020408163265,154.1024573094544,2553.7708333333335,1.2349218359711154e-83,98,0.4897959183673469,99.95835068721367,9504.960000000001,1.6920498027614634e-101,3.5071780141579677e-81,4.805421439842556e-99
20,2500,18884,227,9289,WD40-repeat-containing domain superfamily,42,9958,8.84803128694953e-34,2.5128408854936667e-31,0.9984040111324707,0.0042,topq,42,0.6428571428571429,153.06122448979593,1193.16,1.0744107245484289e-58,84,0.5,119.04761904761905,19833.0,2.5712857681635736e-93,3.051326457717538e-56,7.302451581584549e-91
24,2848,23328,327,126,"Protein kinase, ATP binding site",49,9951,9.344565468472853e-34,2.65385659304629e-31,0.9950471596537318,0.0049,topq,49,0.7346938775510204,149.9375260308205,2116.9704142011833,2.687393153058541e-80,98,0.4897959183673469,99.95835068721367,9504.960000000001,1.6920498027614634e-101,7.632196554686257e-78,4.805421439842556e-99
16,1836,14124,141,126,"Protein kinase, ATP binding site",49,9951,4.700048935396794e-33,1.3348138976526896e-30,0.9925327984675932,0.0049,topq,49,0.6122448979591837,124.94793835901709,825.3739612188366,9.50661177243059e-62,98,0.45918367346938777,93.71095376926282,2100.990566037736,5.052571649914814e-91,2.6998777433702875e-59,1.4349303485758072e-88
16,708,12996,115,10047,WD40 repeat,43,9957,2.1790960507846027e-32,6.1886327842282715e-30,0.9983346996737132,0.0043,topq,43,0.5813953488372093,135.20822065981613,766.8981481481482,5.733484108855173e-52,86,0.5,116.27906976744185,19829.0,4.389622219198707e-95,1.6283094869148691e-49,1.246652710252433e-92
12,3960,12152,104,3998,Cytochrome P450,40,9960,2.883797728510816e-32,8.189985548970717e-30,1.0,0.004,topq,40,1.0,250.0,1613601.0,8.821952763929917e-113,80,0.5,125.0,19841.0,9.484235172274452e-90,2.5054345849560963e-110,2.693522788925944e-87
12,3960,12152,104,9327,Cytochrome P450 superfamily,40,9960,2.883797728510816e-32,8.189985548970717e-30,1.0,0.004,topq,40,1.0,250.0,1613601.0,8.821952763929917e-113,80,0.5,125.0,19841.0,9.484235172274452e-90,2.5054345849560963e-110,2.693522788925944e-87
24,2998,23478,328,9050,Nucleotide-diphospho-sugar transferases,50,9950,3.0487958229694675e-32,8.658580137233288e-30,0.9730693467336683,0.005,topq,50,0.74,148.0,2175.556213017752,1.8223416311682135e-82,100,0.46,92.0,2107.4814814814813,1.0109923557208271e-92,5.175450232517726e-80,2.871218290247149e-90
16,2450,14738,150,9263,MFS transporter superfamily,50,9950,3.520682468117398e-32,9.99873820945341e-30,0.9804201005025126,0.005,topq,50,0.54,108.0,506.671077504726,1.250759730102466e-52,100,0.35,70.0,354.84615384615387,2.4570594565077716e-61,3.5521576334910033e-50,6.9780488564820716e-59
24,3857,24337,349,8787,WD40/YVTN repeat-like-containing domain superfamily,57,9943,3.8190704612888477e-32,1.0846160110060327e-29,0.9495060441004957,0.0057,topq,57,0.6491228070175439,113.88119421360419,917.8775,2.0722907455651704e-75,114,0.3684210526315789,64.63527239150507,383.8722222222222,8.979586715651113e-73,5.885305717405084e-73,2.550202627244916e-70
16,631,12919,114,9559,Histidine kinase/HSP90-like ATPase superfamily,31,9969,5.66229838174058e-32,1.6080927404143246e-29,1.0,0.0031,topq,31,1.0,322.5806451612903,1256157.0,8.614637847993903e-91,62,0.5,161.29032258064515,19877.0,4.009496707482248e-73,2.4465571488302686e-88,1.1386970649249584e-70
16,708,12996,115,9289,WD40-repeat-containing domain superfamily,42,9958,1.2217305815007107e-31,3.4697148514620184e-29,0.9979604816419437,0.0042,topq,42,0.5238095238095238,124.71655328798187,546.5900000000001,2.922107814950607e-44,84,0.4880952380952381,116.21315192743765,9453.837209302326,2.4906490505270944e-89,8.298786194459724e-42,7.073443303496948e-87
12,3035,11227,91,10047,WD40 repeat,43,9957,4.629680355661797e-31,1.3148292210079504e-28,0.9999322668871496,0.0043,topq,43,0.9534883720930233,221.74148188209844,102038.75,2.9600186142683616e-109,86,0.5,116.27906976744185,19829.0,4.389622219198707e-95,8.406452864522146e-107,1.246652710252433e-92
24,231,20711,267,10047,WD40 repeat,43,9957,1.634888619287613e-30,4.64308367877682e-28,0.9979049447508005,0.0043,topq,43,0.5116279069767442,118.98323418063819,495.6734693877552,1.2203454020641673e-43,86,0.5,116.27906976744185,19829.0,4.389622219198707e-95,3.465780941862235e-41,1.246652710252433e-92
16,1166,13454,123,9559,Histidine kinase/HSP90-like ATPase superfamily,31,9969,1.9678280460611912e-30,5.588631650813783e-28,0.9983788453884461,0.0031,topq,31,0.6451612903225806,208.1165452653486,1645.9504132231405,1.7572951728146586e-46,62,0.46774193548387094,150.88449531737774,4365.818181818182,1.7439311214439701e-65,4.990718290793631e-44,4.952764384900875e-63
12,3035,11227,91,9289,WD40-repeat-containing domain superfamily,42,9958,2.2750170866590637e-30,6.461048526111741e-28,0.9997752465115389,0.0042,topq,42,0.8809523809523809,209.75056689342404,14730.440000000002,1.062073997987796e-93,84,0.5,119.04761904761905,19833.0,2.5712857681635736e-93,3.016290154285341e-91,7.302451581584549e-91
20,3775,20159,250,10047,WD40 repeat,43,9957,3.291432397542038e-30,9.347668009019387e-28,0.9996963688044639,0.0043,topq,43,0.8837209302325582,205.5164954029205,15127.04,5.18701039061885e-96,86,0.5,116.27906976744185,19829.0,4.389622219198707e-95,1.4731109509357533e-93,1.246652710252433e-92
20,2632,19016,229,9059,Alpha/Beta hydrolase fold,63,9937,1.0026568579499347e-29,2.8475454765778143e-27,0.8923375998952129,0.0063,topq,63,0.8253968253968254,131.0153691106072,4265.719008264463,3.451536358706469e-117,126,0.4126984126984127,65.5076845553036,630.0687960687961,4.6526965274326846e-93,9.802363258726372e-115,1.3213658137908825e-90
24,3857,24337,349,10047,WD40 repeat,43,9957,1.3134576714858113e-29,3.730219787019704e-27,0.9949527152803567,0.0043,topq,43,0.7906976744186046,183.8831800973499,4175.7037037037035,9.852854600399909e-81,86,0.45348837209302323,105.46241211465656,2055.7978723404253,1.2223494477483242e-80,2.798210706513574e-78,3.471472431605241e-78
20,3775,20159,250,9289,WD40-repeat-containing domain superfamily,42,9958,1.5932192616590953e-29,4.524742703111831e-27,0.9994165973278245,0.0042,topq,42,0.8571428571428571,204.08163265306123,9952.0,1.0864800482231705e-89,84,0.5,119.04761904761905,19833.0,2.5712857681635736e-93,3.085603336953804e-87,7.302451581584549e-91
12,3960,12152,104,307,"Cytochrome P450, conserved site",36,9964,3.2626621826490547e-29,9.265960598723316e-27,0.9996766135866899,0.0036,topq,36,0.8888888888888888,246.91358024691357,19920.0,9.579956127783033e-84,72,0.5,138.88888888888889,19857.0,1.7532898486831655e-82,2.7207075402903815e-81,4.97934317026019e-80
12,3943,12135,103,9559,Histidine kinase/HSP90-like ATPase superfamily,31,9969,5.153333730520828e-29,1.463546779467915e-26,0.9995016810176062,0.0031,topq,31,0.7419354838709677,239.3340270551509,3579.734375,1.6399561476684965e-56,62,0.5,161.29032258064515,19877.0,4.009496707482248e-73,4.65747545937853e-54,1.1386970649249584e-70
24,3707,24187,347,8640,Trimeric LpxA-like superfamily,36,9964,1.530687241805912e-28,4.3471517667287903e-26,0.9987761496944556,0.0036,topq,36,0.6388888888888888,177.46913580246914,1354.2781065088757,1.3930053041301215e-51,72,0.5,138.88888888888889,19857.0,1.7532898486831655e-82,3.956135063729545e-49,4.97934317026019e-80
24,3857,24337,349,9289,WD40-repeat-containing domain superfamily,42,9958,5.736007118552718e-28,1.6290260216689719e-25,0.9857042435371417,0.0042,topq,42,0.7380952380952381,175.7369614512472,2548.404958677686,1.5600075972670773e-71,84,0.42857142857142855,102.04081632653062,1238.75,1.45021879640977e-72,4.4304215762384993e-69,4.118621381803747e-70
20,3972,20356,255,9559,Histidine kinase/HSP90-like ATPase superfamily,31,9969,7.451545355966334e-28,2.1162388810944387e-25,0.9528150168748928,0.0031,topq,31,0.5806451612903226,187.30489073881375,1060.4023668639054,2.721551177863714e-40,62,0.2903225806451613,93.65244536940688,312.3251748251748,2.3480545645008114e-33,7.729205345132948e-38,6.668474963182305e-31
20,3410,19794,238,8640,Trimeric LpxA-like superfamily,36,9964,1.0876049963001574e-27,3.0887981894924473e-25,0.9987566349971007,0.0036,topq,36,0.6388888888888888,177.46913580246914,1354.2781065088757,1.3930053041301215e-51,72,0.5,138.88888888888889,19857.0,1.7532898486831655e-82,3.956135063729545e-49,4.97934317026019e-80
16,1788,14076,140,8698,Tetratricopeptide-like helical domain superfamily,36,9964,3.04123041193846e-27,8.637094369905226e-25,0.9993365002899326,0.0036,topq,36,0.7222222222222222,200.6172839506173,2588.0400000000004,2.6659682007045705e-61,72,0.5,138.88888888888889,19857.0,1.7532898486831655e-82,7.5713496900009805e-59,4.97934317026019e-80
16,1728,14016,139,9076,Leucine-rich repeat domain superfamily,26,9974,5.893950923626987e-27,1.6738820623100644e-24,0.9971194336042942,0.0026,topq,26,0.8076923076923077,310.6508875739645,8373.960000000001,2.2522627875427878e-55,52,0.46153846153846156,177.5147928994083,4262.571428571428,8.791099757823855e-56,6.396426316621518e-53,2.496672331221975e-53
24,731,21211,275,8640,Trimeric LpxA-like superfamily,36,9964,1.9484932159971152e-26,5.5337207334318074e-24,0.9990605067130559,0.0036,topq,36,0.75,208.33333333333334,3318.3333333333335,9.917781650499718e-65,72,0.5,138.88888888888889,19857.0,1.7532898486831655e-82,2.81664998874192e-62,4.97934317026019e-80
24,1407,21887,292,9229,Immunoglobulin-like domain superfamily,38,9962,5.732185689852046e-26,1.627940735917981e-23,0.9912839844038926,0.0038,topq,38,0.5789473684210527,152.3545706371191,854.734375,5.551379499459968e-47,76,0.3815789473684211,100.41551246537396,679.7517730496454,1.187868264102147e-56,1.576591777846631e-44,3.373545870050098e-54
24,2586,23066,319,8640,Trimeric LpxA-like superfamily,36,9964,9.922926904906806e-26,2.818111240993533e-23,0.9871356327222445,0.0036,topq,36,0.6388888888888888,177.46913580246914,1354.2781065088757,1.3930053041301215e-51,72,0.4166666666666667,115.74074074074075,1181.1904761904761,8.652137574016754e-62,3.956135063729545e-49,2.457207071020758e-59
12,3960,12152,104,4319,"Cytochrome P450, E-class, group I",31,9969,1.9146925921377133e-25,5.437726961671106e-23,0.9997476046712551,0.0031,topq,31,0.8064516129032258,260.1456815816857,6918.75,8.635042152209123e-64,62,0.5,161.29032258064515,19877.0,4.009496707482248e-73,2.452351971227391e-61,1.1386970649249584e-70
24,41,20521,261,2393,Major facilitator superfamily domain,35,9965,2.0509698642214925e-25,5.824754414389038e-23,0.9988043867823095,0.0035,topq,35,0.6285714285714286,179.59183673469386,1295.526627218935,2.4667956694425253e-49,70,0.5,142.85714285714286,19861.0,1.2303896719808265e-80,7.005699701216772e-47,3.494306668425547e-78
20,1108,17492,197,9559,Histidine kinase/HSP90-like ATPase superfamily,31,9969,4.483063957379677e-25,1.2731901638958282e-22,1.0,0.0031,topq,31,1.0,322.5806451612903,1256157.0,8.614637847993903e-91,62,0.5,161.29032258064515,19877.0,4.009496707482248e-73,2.4465571488302686e-88,1.1386970649249584e-70
20,2311,18695,220,9559,Histidine kinase/HSP90-like ATPase superfamily,31,9969,2.2905199342431723e-24,6.50507661325061e-22,0.9582366626865865,0.0031,topq,31,0.5806451612903226,187.30489073881375,1060.4023668639054,2.721551177863714e-40,62,0.2903225806451613,93.65244536940688,312.3251748251748,2.3480545645008114e-33,7.729205345132948e-38,6.668474963182305e-31
16,1353,13641,128,9559,Histidine kinase/HSP90-like ATPase superfamily,31,9969,3.950149603155465e-23,1.1218424872961521e-20,0.9980358466083569,0.0031,topq,31,0.6129032258064516,197.71071800208117,1313.7708333333333,2.4307881587289593e-43,62,0.3709677419354839,119.66701352757545,732.0192307692307,1.211351364635064e-46,6.903438370790245e-41,3.4402378755635817e-44
24,1407,21887,292,1591,Immunoglobulin-like domain,33,9967,6.192745455226437e-23,1.758739709284308e-20,0.9926925520885589,0.0033,topq,33,0.6666666666666666,202.02020202020202,1810.1818181818182,4.25882843983184e-51,66,0.3939393939393939,119.37557392102846,921.7928571428572,2.8656653865330615e-53,1.2095072769122425e-48,8.138489697753895e-51
20,594,16978,183,9559,Histidine kinase/HSP90-like ATPase superfamily,31,9969,7.045644049382642e-23,2.0009629100246704e-20,0.9998608589854355,0.0031,topq,31,0.967741935483871,312.1748178980229,299040.0,2.662267680544035e-85,62,0.4838709677419355,156.08740894901146,9315.9375,3.8605188454448606e-69,7.56084021274506e-83,1.0963873521063404e-66
24,2746,23226,325,9559,Histidine kinase/HSP90-like ATPase superfamily,31,9969,7.710944098109275e-23,2.189908123863034e-20,1.0,0.0031,topq,31,1.0,322.5806451612903,1256157.0,8.614637847993903e-91,62,0.5,161.29032258064515,19877.0,4.009496707482248e-73,2.4465571488302686e-88,1.1386970649249584e-70
24,3707,24187,347,10043,Hexapeptide repeat,28,9972,1.2364051459915317e-22,3.51139061461595e-20,0.9986533722995817,0.0028,topq,28,0.5,178.57142857142858,711.2857142857143,1.3900961644945341e-30,56,0.5,178.57142857142858,19889.0,2.4219173381268017e-67,3.947873107164477e-28,6.878245240280117e-65
24,2053,22533,306,9559,Histidine kinase/HSP90-like ATPase superfamily,31,9969,1.6972480251333637e-22,4.820184391378753e-20,0.9998090855846673,0.0031,topq,31,0.9032258064516129,291.36316337148804,31005.333333333336,6.392240063781074e-76,62,0.5,161.29032258064515,19877.0,4.009496707482248e-73,1.815396178113825e-73,1.1386970649249584e-70
28,3447,28023,377,9559,Histidine kinase/HSP90-like ATPase superfamily,31,9969,2.431862568572426e-22,6.90648969474569e-20,1.0,0.0031,topq,31,1.0,322.5806451612903,1256157.0,8.614637847993903e-91,62,0.5,161.29032258064515,19877.0,4.009496707482248e-73,2.4465571488302686e-88,1.1386970649249584e-70
12,904,9096,69,9559,Histidine kinase/HSP90-like ATPase superfamily,31,9969,2.4823443986293876e-22,7.04985809210746e-20,0.99888525396471,0.0031,topq,31,0.7096774193548387,228.9281997918835,2705.185185185185,4.638903000048388e-53,62,0.45161290322580644,145.68158168574402,2727.2549019607845,4.927156191152139e-62,1.3174484520137423e-50,1.3993123582872075e-59
20,3410,19794,238,10043,Hexapeptide repeat,28,9972,5.798302154921289e-22,1.646717811997646e-19,0.9985459286000802,0.0028,topq,28,0.4642857142857143,165.81632653061226,575.2933333333333,8.615762343722559e-28,56,0.5,178.57142857142858,19889.0,2.4219173381268017e-67,2.446876505617207e-25,6.878245240280117e-65
20,3567,19951,241,9076,Leucine-rich repeat domain superfamily,26,9974,7.75374348787024e-22,2.202063150555148e-19,0.9999884314602582,0.0026,topq,26,0.9615384615384616,369.8224852071006,249325.0,1.0804134865212943e-72,52,0.5,192.30769230769232,19897.0,2.066121936616163e-63,3.068374301720476e-70,5.8677862999899035e-61
24,2586,23066,319,10043,Hexapeptide repeat,28,9972,2.4646765150751695e-21,6.999681302813482e-19,0.9985996504498309,0.0028,topq,28,0.5714285714285714,204.0816326530612,1106.6666666666665,1.9333063131251337e-36,56,0.5,178.57142857142858,19889.0,2.4219173381268017e-67,5.49058992927538e-34,6.878245240280117e-65
24,731,21211,275,10043,Hexapeptide repeat,28,9972,5.942559675633419e-21,1.687686947879891e-18,0.9984098332473784,0.0028,topq,28,0.4642857142857143,165.81632653061226,575.2933333333333,8.615762343722559e-28,56,0.5,178.57142857142858,19889.0,2.4219173381268017e-67,2.446876505617207e-25,6.878245240280117e-65
12,2474,10666,84,8834,Acyl-CoA N-acyltransferase,25,9975,6.4334478810661324e-21,1.8270991982227818e-18,0.9992822055137844,0.0025,topq,25,0.76,304.0,5261.416666666666,3.867887853122651e-49,50,0.48,192.0,9183.692307692309,1.9333203130707524e-57,1.098480150286833e-46,5.490629689120937e-55
16,1280,13568,127,9559,Histidine kinase/HSP90-like ATPase superfamily,31,9969,6.5971596488344655e-21,1.8735933402689882e-18,0.8611599183274603,0.0031,topq,31,0.5806451612903226,187.30489073881375,1060.4023668639054,2.721551177863714e-40,62,0.2903225806451613,93.65244536940688,312.3251748251748,2.3480545645008114e-33,7.729205345132948e-38,6.668474963182305e-31
16,1728,14016,139,10045,Leucine-rich repeat,22,9978,7.394354644063325e-21,2.0999967189139843e-18,0.9699429654330436,0.0022,topq,22,0.8181818181818182,371.900826446281,11220.75,3.47343008647817e-49,44,0.4772727272727273,216.94214876033058,9089.347826086956,2.3051409688779842e-51,9.864541445598004e-47,6.5466003516134755e-49
24,3633,24113,345,9061,Thiamin diphosphate-binding fold,29,9971,1.4322964968228224e-20,4.067722050976816e-18,0.9951894978195387,0.0029,topq,29,0.6206896551724138,214.03091557669444,1481.6528925619837,7.692747820563549e-42,58,0.4482758620689655,154.5778834720571,2691.8124999999995,3.340896993064095e-58,2.184740381040048e-39,9.48814746030203e-56
12,1082,9274,70,9559,Histidine kinase/HSP90-like ATPase superfamily,31,9969,2.1077754876038562e-20,5.9860823847949515e-18,0.9216085995618676,0.0031,topq,31,0.5161290322580645,166.49323621227887,707.8399999999999,1.8724708840734364e-34,62,0.27419354838709675,88.44953173777314,267.79047619047617,6.661706433208613e-31,5.31781731076856e-32,1.891924627031246e-28
12,3035,11227,91,448,"WD40 repeat, conserved site",27,9973,3.0593037760700036e-20,8.688422724038811e-18,0.9998254546534904,0.0027,topq,27,0.8148148148148148,301.7832647462277,8771.840000000002,7.478846672271479e-58,54,0.5,185.18518518518516,19893.0,2.195798328467146e-65,2.1239924549251e-55,6.236067252846695e-63
24,1858,22338,299,9076,Leucine-rich repeat domain superfamily,26,9974,4.2898617145022e-20,1.2183207269186248e-17,0.9999922876401721,0.0026,topq,26,0.9615384615384616,369.8224852071006,249325.0,1.0804134865212943e-72,52,0.5,192.30769230769232,19897.0,2.066121936616163e-63,3.068374301720476e-70,5.8677862999899035e-61
24,41,20521,261,5666,Major facilitator superfamily,27,9973,4.8691254486685636e-20,1.3828316274218721e-17,0.9985850685740388,0.0027,topq,27,0.5185185185185185,192.04389574759944,825.0887573964496,3.4840370360928373e-31,54,0.5,185.18518518518516,19893.0,2.195798328467146e-65,9.894665182503658e-29,6.236067252846695e-63
24,2632,23112,322,9076,Leucine-rich repeat domain superfamily,26,9974,1.1253196117307273e-19,3.1959076973152655e-17,0.9999884314602582,0.0026,topq,26,0.9615384615384616,369.8224852071006,249325.0,1.0804134865212943e-72,52,0.5,192.30769230769232,19897.0,2.066121936616163e-63,3.068374301720476e-70,5.8677862999899035e-61
24,3857,24337,349,448,"WD40 repeat, conserved site",27,9973,1.128185169580493e-19,3.2040458816086e-17,0.9997920310764992,0.0027,topq,27,0.8518518518518519,315.50068587105625,14330.4375,8.154116145087628e-62,54,0.5,185.18518518518516,19893.0,2.195798328467146e-65,2.3157689852048863e-59,6.236067252846695e-63
20,3775,20159,250,448,"WD40 repeat, conserved site",27,9973,1.2088243782326272e-19,3.433061234180661e-17,0.9987633276513253,0.0027,topq,27,0.48148148148148145,178.3264746227709,660.545918367347,2.479324628170811e-28,54,0.5,185.18518518518516,19893.0,2.195798328467146e-65,7.041281944005103e-26,6.236067252846695e-63
20,930,17314,195,9076,Leucine-rich repeat domain superfamily,26,9974,1.4045913066266965e-19,3.989039310819818e-17,0.9999845752803442,0.0026,topq,26,0.9615384615384616,369.8224852071006,249325.0,1.0804134865212943e-72,52,0.5,192.30769230769232,19897.0,2.066121936616163e-63,3.068374301720476e-70,5.8677862999899035e-61
20,142,16526,177,8825,Aldehyde/histidinol dehydrogenase,24,9976,3.0333493403928165e-19,8.614712126715599e-17,0.9986509288960171,0.0024,topq,24,0.4583333333333333,190.97222222222223,648.4792899408284,2.462303984988791e-24,48,0.5,208.33333333333334,19905.0,2.056833069085998e-59,6.992943317368166e-22,5.841405916204235e-57
12,1121,9313,71,4311,Short-chain dehydrogenase/reductase SDR,26,9974,4.313214820653174e-19,1.2249530090655013e-16,0.9991285033394518,0.0026,topq,26,0.5769230769230769,221.89349112426035,1235.0826446280992,7.799209686026682e-35,52,0.5,192.30769230769232,19897.0,2.066121936616163e-63,2.2149755508315776e-32,5.8677862999899035e-61
24,3946,24426,353,4311,Short-chain dehydrogenase/reductase SDR,26,9974,6.354371357859677e-19,1.8046414656321483e-16,0.9988142246764665,0.0026,topq,26,0.6923076923076923,266.2721893491124,2802.9375,1.577120093743788e-44,52,0.4423076923076923,170.11834319526628,2629.137931034483,2.412371261317469e-52,4.479021066232358e-42,6.851134382141611e-50
28,1066,25642,368,4311,Short-chain dehydrogenase/reductase SDR,26,9974,7.220032691886478e-19,2.0504892844957598e-16,0.9976650830621153,0.0026,topq,26,0.6538461538461539,251.4792899408284,2091.41975308642,3.493192113954766e-41,52,0.40384615384615385,155.32544378698225,1347.1161290322582,6.4922776435716146e-46,9.920665603631534e-39,1.8438068507743384e-43
24,1427,21907,294,9076,Leucine-rich repeat domain superfamily,26,9974,1.4610436951228095e-18,4.149364094148779e-16,0.9927947278308217,0.0026,topq,26,0.8461538461538461,325.4437869822485,13708.75,2.5669773099441783e-59,52,0.46153846153846156,177.5147928994083,4262.571428571428,8.791099757823855e-56,7.290215560241467e-57,2.496672331221975e-53
20,441,16825,180,9076,Leucine-rich repeat domain superfamily,26,9974,1.555792586232337e-18,4.418450944899837e-16,0.9934522065061467,0.0026,topq,26,0.8461538461538461,325.4437869822485,13708.75,2.5669773099441783e-59,52,0.4423076923076923,170.11834319526628,2629.137931034483,2.412371261317469e-52,7.290215560241467e-57,6.851134382141611e-50
20,3567,19951,241,10045,Leucine-rich repeat,22,9978,2.0847295068491566e-18,5.920631799451605e-16,0.9945516499936223,0.0022,topq,22,0.8181818181818182,371.900826446281,11220.75,3.47343008647817e-49,44,0.4772727272727273,216.94214876033058,9089.347826086956,2.3051409688779842e-51,9.864541445598004e-47,6.5466003516134755e-49
24,88,20568,263,4311,Short-chain dehydrogenase/reductase SDR,26,9974,9.462619273369582e-18,2.687383873636961e-15,0.981806543166078,0.0026,topq,26,0.5,192.30769230769232,766.2307692307692,6.682733075011273e-29,52,0.25,96.15384615384616,254.74358974358975,3.953589858090383e-24,1.8978961933032014e-26,1.1228195196976689e-21
20,3952,20336,253,3781,Small ribosomal subunit protein uS17,22,9978,1.8675021655299664e-17,5.303706150105104e-15,0.999066127298238,0.0022,topq,22,0.6363636363636364,289.25619834710744,2180.9375,8.942069208185188e-35,44,0.4772727272727273,216.94214876033058,9089.347826086956,2.3051409688779842e-51,2.5395476551245937e-32,6.5466003516134755e-49
28,1892,26468,372,3981,Large ribosomal subunit protein uL22,24,9976,1.9045662580812274e-17,5.408968172950686e-15,0.9966837075648223,0.0024,topq,24,0.5416666666666666,225.69444444444446,1070.6198347107438,3.866498787321593e-30,48,0.3333333333333333,138.88888888888889,621.5,3.427813436326296e-33,1.0980856555993322e-27,9.73499015916668e-31
28,1892,26468,372,9325,Ribosomal protein uL22 superfamily,24,9976,1.9045662580812274e-17,5.408968172950686e-15,0.9966837075648223,0.0024,topq,24,0.5416666666666666,225.69444444444446,1070.6198347107438,3.866498787321593e-30,48,0.3333333333333333,138.88888888888889,621.5,3.427813436326296e-33,1.0980856555993322e-27,9.73499015916668e-31
24,3302,23782,337,8793,Armadillo-type fold,24,9976,2.199680561304919e-17,6.24709279410597e-15,0.9935052459235498,0.0024,topq,24,0.7916666666666666,329.86111111111114,7577.96,2.230238932016921e-50,48,0.4791666666666667,199.6527777777778,9154.92,1.9652875428471172e-55,6.333878566928055e-48,5.581416621685813e-53
24,2398,22878,315,9488,Ankyrin repeat-containing domain superfamily,22,9978,4.801058804764542e-17,1.36350070055313e-14,0.9993872883981122,0.0022,topq,22,0.6818181818181818,309.9173553719008,3052.34693877551,3.8259170889970795e-38,44,0.4772727272727273,216.94214876033058,9089.347826086956,2.3051409688779842e-51,1.0865604532751706e-35,6.5466003516134755e-49
12,4019,12211,105,8906,HAD superfamily,24,9976,5.113112204761818e-17,1.4521238661523564e-14,0.9870021384656509,0.0024,topq,24,0.5,208.33333333333334,830.3333333333333,3.479222654568833e-27,48,0.2708333333333333,112.84722222222223,335.6701298701299,2.9157958572306743e-25,9.880992338975486e-25,8.280860234535115e-23
12,4019,12211,105,9339,HAD-like superfamily,23,9977,6.151092373862638e-17,1.7469102341769892e-14,0.9961345878128391,0.0023,topq,23,0.5217391304347826,226.8431001890359,988.3636363636363,8.71659268945208e-28,46,0.2826086956521739,122.87334593572778,391.73333333333335,7.085548761552788e-26,2.4755123238043905e-25,2.012295848280992e-23
12,3035,11227,91,10082,"PAC1/LIS1-like, WD-40 repeat",22,9978,7.74821143968258e-17,2.2004920488698528e-14,0.9997130049745805,0.0022,topq,22,0.8181818181818182,371.900826446281,11220.75,3.47343008647817e-49,44,0.5,227.27272727272725,19913.0,2.4203164631801894e-55,9.864541445598004e-47,6.873698755431738e-53
20,3952,20336,253,6265,"Small ribosomal subunit protein uS17, bacteria/chloroplast",21,9979,9.66753706908139e-17,2.7455805276191148e-14,0.9989692640258829,0.0021,topq,21,0.6190476190476191,294.78458049886626,2025.359375,2.5832669417127884e-32,42,0.47619047619047616,226.75736961451247,9051.818181818182,2.669777994930099e-49,7.336478114464319e-30,7.582169505601481e-47
24,1858,22338,299,10045,Leucine-rich repeat,22,9978,1.3555210224638245e-16,3.849679703797262e-14,0.9885293099364055,0.0022,topq,22,0.8181818181818182,371.900826446281,11220.75,3.47343008647817e-49,44,0.4772727272727273,216.94214876033058,9089.347826086956,2.3051409688779842e-51,9.864541445598004e-47,6.5466003516134755e-49
20,1800,18184,211,4180,Small ribosomal subunit protein uS2,22,9978,1.5098647233191322e-16,4.288015814226336e-14,0.9983372510432041,0.0022,topq,22,0.2727272727272727,123.96694214876031,233.484375,3.927054362706969e-12,44,0.5,227.27272727272725,19913.0,2.4203164631801894e-55,1.115283439008779e-09,6.873698755431738e-53
20,1800,18184,211,8948,"Small ribosomal subunit protein uS2, flavodoxin-like domain superfamily",22,9978,1.5098647233191322e-16,4.288015814226336e-14,0.9983372510432041,0.0022,topq,22,0.2727272727272727,123.96694214876031,233.484375,3.927054362706969e-12,44,0.5,227.27272727272725,19913.0,2.4203164631801894e-55,1.115283439008779e-09,6.873698755431738e-53
24,3302,23782,337,8697,Armadillo-like helical,22,9978,1.8594211658143496e-16,5.280756110912753e-14,0.9997950035532718,0.0022,topq,22,0.8636363636363636,392.56198347107437,21058.333333333332,2.9322092901308596e-53,44,0.5,227.27272727272725,19913.0,2.4203164631801894e-55,8.327474383971642e-51,6.873698755431738e-53
24,3857,24337,349,10082,"PAC1/LIS1-like, WD-40 repeat",22,9978,2.2129695420999815e-16,6.284833499563948e-14,0.9998041145064597,0.0022,topq,22,0.8636363636363636,392.56198347107437,21058.333333333332,2.9322092901308596e-53,44,0.5,227.27272727272725,19913.0,2.4203164631801894e-55,8.327474383971642e-51,6.873698755431738e-53
24,2398,22878,315,10049,Ankyrin repeat,21,9979,2.3183132276864113e-16,6.584009566629409e-14,0.9994917899016507,0.0021,topq,21,0.7142857142857143,340.13605442176873,4155.416666666667,3.878080496630155e-39,42,0.5,238.0952380952381,19917.0,2.808411393729663e-53,1.101374861042964e-36,7.975888358192243e-51
20,142,16526,177,2169,Aldehyde dehydrogenase domain,20,9980,2.41859291810773e-16,6.868803887425954e-14,0.9985120240480962,0.002,topq,20,0.35,174.99999999999997,412.83431952662716,2.9904548924330567e-15,40,0.5,250.0,19921.0,3.4180421596856146e-51,8.492891894509881e-13,9.707239733507145e-49
20,142,16526,177,8826,"Aldehyde dehydrogenase, N-terminal",20,9980,2.41859291810773e-16,6.868803887425954e-14,0.9985120240480962,0.002,topq,20,0.35,174.99999999999997,412.83431952662716,2.9904548924330567e-15,40,0.5,250.0,19921.0,3.4180421596856146e-51,8.492891894509881e-13,9.707239733507145e-49
20,142,16526,177,8827,"Aldehyde dehydrogenase, C-terminal",20,9980,2.41859291810773e-16,6.868803887425954e-14,0.9985120240480962,0.002,topq,20,0.35,174.99999999999997,412.83431952662716,2.9904548924330567e-15,40,0.5,250.0,19921.0,3.4180421596856146e-51,8.492891894509881e-13,9.707239733507145e-49
24,491,20971,272,3860,Small ribosomal subunit protein uS8,22,9978,2.8006952996588445e-16,7.953974651031118e-14,0.9989545181216859,0.0022,topq,22,0.5909090909090909,268.59504132231405,1599.962962962963,1.5411411187371235e-31,44,0.45454545454545453,206.61157024793386,4147.5,1.0040860293530665e-47,4.3768407772134305e-29,2.851604323362709e-45
24,491,20971,272,9141,Small ribosomal subunit protein uS8 superfamily,22,9978,2.8006952996588445e-16,7.953974651031118e-14,0.9989545181216859,0.0022,topq,22,0.5909090909090909,268.59504132231405,1599.962962962963,1.5411411187371235e-31,44,0.45454545454545453,206.61157024793386,4147.5,1.0040860293530665e-47,4.3768407772134305e-29,2.851604323362709e-45
20,4060,20444,259,9488,Ankyrin repeat-containing domain superfamily,22,9978,2.801253581387559e-16,7.955560171140667e-14,0.9972712695202172,0.0022,topq,22,0.7727272727272727,351.2396694214876,6781.639999999999,2.4945041739917337e-45,44,0.4318181818181818,196.28099173553719,2521.4266666666667,2.6656381657253544e-44,7.084391854136523e-43,7.570412390660007e-42
20,930,17314,195,10045,Leucine-rich repeat,22,9978,4.470139498296113e-16,1.269519617516096e-13,0.9868027843072942,0.0022,topq,22,0.8636363636363636,392.56198347107437,21058.333333333332,2.9322092901308596e-53,44,0.4772727272727273,216.94214876033058,9089.347826086956,2.3051409688779842e-51,8.327474383971642e-51,6.5466003516134755e-49
28,2952,27528,375,3860,Small ribosomal subunit protein uS8,22,9978,5.133174376944259e-16,1.4578215230521695e-13,0.9943830973596458,0.0022,topq,22,0.8181818181818182,371.900826446281,11220.75,3.47343008647817e-49,44,0.45454545454545453,206.61157024793386,4147.5,1.0040860293530665e-47,9.864541445598004e-47,2.851604323362709e-45
28,2952,27528,375,9141,Small ribosomal subunit protein uS8 superfamily,22,9978,5.133174376944259e-16,1.4578215230521695e-13,0.9943830973596458,0.0022,topq,22,0.8181818181818182,371.900826446281,11220.75,3.47343008647817e-49,44,0.45454545454545453,206.61157024793386,4147.5,1.0040860293530665e-47,9.864541445598004e-47,2.851604323362709e-45
20,1800,18184,211,348,"Small ribosomal subunit protein uS2, conserved site",21,9979,7.030894455772824e-16,1.996774025439482e-13,0.9983298259678659,0.0021,topq,21,0.23809523809523808,113.37868480725623,194.58984375,4.868808230085522e-10,42,0.5,238.0952380952381,19917.0,2.808411393729663e-53,1.3827415373442882e-07,7.975888358192243e-51
20,4060,20444,259,10049,Ankyrin repeat,21,9979,1.0137219676171404e-15,2.8789703880326786e-13,0.999016983283944,0.0021,topq,21,0.8095238095238095,385.4875283446712,10598.4375,1.2895817521214233e-46,42,0.4523809523809524,215.41950113378687,4112.260869565217,1.1559271152035916e-45,3.662412176024842e-44,3.2828330071782e-43
4,798,798,9,4210,Small ribosomal subunit protein uS11,24,9976,5.433727826014735e-15,1.5431787025881847e-12,0.9559192060946271,0.0024,topq,24,0.6666666666666666,277.77777777777777,2492.0,1.1385259069257326e-39,48,0.3541666666666667,147.56944444444446,779.1013824884792,5.188861894948801e-36,3.2334135756690806e-37,1.4736367781654596e-33
4,798,798,9,9605,Small ribosomal subunit protein uS11 superfamily,24,9976,5.433727826014735e-15,1.5431787025881847e-12,0.9559192060946271,0.0024,topq,24,0.6666666666666666,277.77777777777777,2492.0,1.1385259069257326e-39,48,0.3541666666666667,147.56944444444446,779.1013824884792,5.188861894948801e-36,3.2334135756690806e-37,1.4736367781654596e-33
24,491,20971,272,630,"Small ribosomal subunit protein uS8, conserved site",20,9980,5.8095238398613876e-15,1.649904770520634e-12,0.9988602204408817,0.002,topq,20,0.5,250.0,997.0,1.2329904067563518e-23,40,0.45,225.0,4073.7272727272725,1.3946495717464086e-43,3.501692755188039e-21,3.9608047837598e-41
4,1096,1096,11,1344,Cytidyltransferase-like domain,37,9963,7.797719306792e-15,2.2145522831289282e-12,0.8652934777596024,0.0037,topq,37,0.5945945945945946,160.70124178232285,972.6933333333333,9.871134666815815e-48,74,0.3108108108108108,84.00292184075967,319.29411764705884,1.2469815972228612e-41,2.803402245375692e-45,3.5414277361129254e-39
24,2632,23112,322,10045,Leucine-rich repeat,22,9978,9.795344994612407e-15,2.7818779784699236e-12,0.9621029902148363,0.0022,topq,22,0.8181818181818182,371.900826446281,11220.75,3.47343008647817e-49,44,0.4772727272727273,216.94214876033058,9089.347826086956,2.3051409688779842e-51,9.864541445598004e-47,6.5466003516134755e-49
28,2952,27528,375,630,"Small ribosomal subunit protein uS8, conserved site",20,9980,1.065404341165844e-14,3.0257483289109967e-12,0.9938326653306613,0.002,topq,20,0.75,375.0,5985.0,3.169053664218796e-40,40,0.45,225.0,4073.7272727272725,1.3946495717464086e-43,9.000112406381381e-38,3.9608047837598e-41
4,1712,1712,20,1344,Cytidyltransferase-like domain,37,9963,1.201834902722447e-14,3.4132111237317496e-12,0.8626499127854141,0.0037,topq,37,0.5945945945945946,160.70124178232285,972.6933333333333,9.871134666815815e-48,74,0.32432432432432434,87.65522279035793,366.01846153846157,3.740909009992352e-44,2.803402245375692e-45,1.062418158837828e-41
16,737,13025,116,9559,Histidine kinase/HSP90-like ATPase superfamily,31,9969,1.6692152717970605e-14,4.740571371903652e-12,0.8538469254689538,0.0031,topq,31,0.5483870967741935,176.89906347554628,863.4438775510204,2.488885463413838e-37,62,0.3064516129032258,98.85535900104058,365.4922480620155,7.118483244123895e-36,7.068434716095301e-35,2.0216492413311863e-33
24,1427,21907,294,10045,Leucine-rich repeat,22,9978,3.416205805393669e-14,9.70202448731802e-12,0.9604242970899616,0.0022,topq,22,0.8181818181818182,371.900826446281,11220.75,3.47343008647817e-49,44,0.4318181818181818,196.28099173553719,2521.4266666666667,2.6656381657253544e-44,9.864541445598004e-47,7.570412390660007e-42
4,798,798,9,6262,"Small ribosomal subunit protein uS11, bacterial-type",20,9980,6.388079097824115e-14,1.8142144637820486e-11,0.9786472945891783,0.002,topq,20,0.7,349.99999999999994,3878.7777777777783,1.3172485494915457e-36,40,0.425,212.5,2453.1739130434785,3.623488072726808e-40,3.74098588055599e-34,1.0290706126544135e-37
4,798,798,9,339,"Small ribosomal subunit protein uS11, conserved site",22,9978,1.1236399136139616e-13,3.191137354663651e-11,0.95178028025292,0.0022,topq,22,0.5909090909090909,268.59504132231405,1599.962962962963,1.5411411187371235e-31,44,0.3409090909090909,154.9586776859504,735.1477832512315,5.083564240292674e-32,4.3768407772134305e-29,1.4437322442431195e-29
20,441,16825,180,10045,Leucine-rich repeat,22,9978,1.1787326608429342e-13,3.347600756793933e-11,0.9512973997339602,0.0022,topq,22,0.8181818181818182,371.900826446281,11220.75,3.47343008647817e-49,44,0.4318181818181818,196.28099173553719,2521.4266666666667,2.6656381657253544e-44,9.864541445598004e-47,7.570412390660007e-42
20,2366,18750,224,936,DnaJ domain,30,9970,5.875755951118718e-10,1.6687146901177158e-07,0.8211200267469074,0.003,topq,30,0.5333333333333333,177.77777777777777,812.734693877551,4.396061727715584e-35,60,0.31666666666666665,105.55555555555554,418.29490022172956,1.324034886710006e-36,1.2484815306712258e-32,3.7602590782564173e-34
20,2366,18750,224,9543,Chaperone J-domain superfamily,32,9968,5.1771085241821716e-09,1.4702988208677366e-06,0.792616058888443,0.0032,topq,32,0.53125,166.015625,752.0044444444444,1.1296099394615441e-36,64,0.296875,92.7734375,322.2854700854701,3.5447591524999e-35,3.208092228070785e-34,1.0067115993099716e-32
16,1597,13885,138,9559,Histidine kinase/HSP90-like ATPase superfamily,31,9969,1.0333433477688805e-08,2.9346951076636204e-06,0.7886981901960594,0.0031,topq,31,0.5483870967741935,176.89906347554628,863.4438775510204,2.488885463413838e-37,62,0.27419354838709675,88.44953173777314,267.79047619047617,6.661706433208613e-31,7.068434716095301e-35,1.891924627031246e-28
