domain_idx,domain_name,n_in,n_out,a_top_in,b_top_out,c_not_top_in,d_not_top_out,odds_ratio,fisher_p,p_adj,median_pos_percentile,tau_cover_95,tau_cover_90,tau_all_in,layer_i,latent_ind,flattened_id,latent_i,latent_label,tau_input
9059,Alpha/Beta hydrolase fold,63,9937,63,137,0,9800,9052.098181818183,1.9133549479388592e-112,2.311332777110142e-109,0.9968996899689969,0.9940994099409941,0.9943994399439944,0.9937993799379938,12,2112,10304,80,L12-2112,0.98
3924,Adenylate kinase/UMP-CMP kinase,20,9980,20,180,0,9800,2226.1523545706373,4.0010518471800975e-35,4.833270631393558e-32,0.9890489048904891,0.9831983198319832,0.9846984698469847,0.9821982198219822,12,2112,10304,80,L12-2112,0.98
617,"Adenylate kinase, conserved site",19,9981,19,181,0,9800,2105.8925619834713,2.2063258832433455e-33,2.6652416669579612e-30,0.9890989098909891,0.9830983098309831,0.9844984498449845,0.9821982198219822,12,2112,10304,80,L12-2112,0.98
2514,Amidase signature domain,17,9983,17,183,0,9800,1869.3051771117166,6.601244502519657e-30,7.974303359043745e-27,0.9913991399139914,0.9905990599059906,0.9906990699069907,0.9905990599059906,12,2112,10304,80,L12-2112,0.98
3746,Amidase,17,9983,17,183,0,9800,1869.3051771117166,6.601244502519657e-30,7.974303359043745e-27,0.9913991399139914,0.9905990599059906,0.9906990699069907,0.9905990599059906,12,2112,10304,80,L12-2112,0.98
9584,Amidase signature (AS) superfamily,17,9983,17,183,0,9800,1869.3051771117166,6.601244502519657e-30,7.974303359043745e-27,0.9913991399139914,0.9905990599059906,0.9906990699069907,0.9905990599059906,12,2112,10304,80,L12-2112,0.98
5130,Adenylate kinase subfamily,17,9983,17,183,0,9800,1869.3051771117166,6.601244502519657e-30,7.974303359043745e-27,0.9886988698869887,0.982998299829983,0.9841984198419842,0.9821982198219822,12,2112,10304,80,L12-2112,0.98
659,Alpha/beta hydrolase fold-1,16,9984,16,184,0,9800,1752.9349593495936,3.581892669193275e-28,4.326926344385477e-25,0.9975497549754976,0.9940994099409941,0.9943994399439944,0.9940994099409941,12,2112,10304,80,L12-2112,0.98
492,"Amidase, conserved site",16,9984,16,184,0,9800,1752.9349593495936,3.581892669193275e-28,4.326926344385477e-25,0.9913491349134913,0.9905990599059906,0.9906990699069907,0.9905990599059906,12,2112,10304,80,L12-2112,0.98
4684,Glutamyl-tRNA(Gln) amidotransferase A subunit,16,9984,16,184,0,9800,1752.9349593495936,3.581892669193275e-28,4.326926344385477e-25,0.9913491349134913,0.9905990599059906,0.9906990699069907,0.9905990599059906,12,2112,10304,80,L12-2112,0.98
4266,UDP-glucuronosyl/UDP-glucosyltransferase,14,9986,14,186,0,9800,1523.9383378016087,1.037928713288933e-24,1.253817885653031e-21,0.9870987098709871,0.9841984198419842,0.9848984898489849,0.9830983098309831,12,2112,10304,80,L12-2112,0.98
1660,"Adenylate kinase, active site lid domain",12,9988,12,188,0,9800,1299.8010610079575,2.9449752835206045e-21,3.55753014249289e-18,0.9888488848884889,0.9827982798279828,0.9835983598359836,0.9821982198219822,12,2112,10304,80,L12-2112,0.98
623,"UDP-glycosyltransferase family, conserved site",12,9988,12,188,0,9800,1299.8010610079575,2.9449752835206045e-21,3.55753014249289e-18,0.9875987598759877,0.9842984298429843,0.9852985298529853,0.9830983098309831,12,2112,10304,80,L12-2112,0.98
1319,"Glycosyltransferase family 28, N-terminal domain",11,9989,11,189,0,9800,1189.5065963060686,1.556473973919964e-19,1.8802205604953166e-16,0.9884988498849885,0.9835983598359836,0.9856985698569857,0.9815981598159816,12,2112,10304,80,L12-2112,0.98
5075,"N-acetylglucosaminyltransferase, MurG",11,9989,11,189,0,9800,1189.5065963060686,1.556473973919964e-19,1.8802205604953166e-16,0.9884988498849885,0.9835983598359836,0.9856985698569857,0.9815981598159816,12,2112,10304,80,L12-2112,0.98
1606,"Glycosyl transferase, family 28, C-terminal",12,9988,11,189,1,9799,570.3121693121693,1.8353740405852302e-18,2.217131841026958e-15,0.9882988298829882,0.957995799579958,0.981998199819982,0.9292929292929293,12,2112,10304,80,L12-2112,0.98
4096,"Peptidase S10, serine carboxypeptidase",10,9990,10,190,0,9800,1080.3700787401576,8.183776315505496e-18,9.886001789130639e-15,0.9963496349634964,0.9958995899589959,0.9958995899589959,0.9958995899589959,12,2112,10304,80,L12-2112,0.98
1799,"tRNA(Ile)-lysidine/2-thiocytidine synthase, N-terminal",14,9986,7,193,7,9793,50.74093264248705,3.513835669431307e-09,4.2447134886730185e-06,0.97994799479948,0.9527952795279528,0.957995799579958,0.9522952295229523,12,2112,10304,80,L12-2112,0.98
5048,Phosphoglycerate mutase 1,11,9989,5,195,6,9794,41.85470085470086,1.2754860735051818e-06,0.0015407871767942596,0.9793979397939794,0.9672967296729673,0.9682968296829683,0.9662966296629663,12,2112,10304,80,L12-2112,0.98
4,"Phosphoglycerate/bisphosphoglycerate mutase, active site",11,9989,5,195,6,9794,41.85470085470086,1.2754860735051818e-06,0.0015407871767942596,0.9771977197719772,0.9672967296729673,0.9682968296829683,0.9662966296629663,12,2112,10304,80,L12-2112,0.98
5812,"Histidine phosphatase superfamily, clade-1",13,9987,5,195,8,9792,31.384615384615387,3.4388334566400844e-06,0.004154110815621222,0.9787978797879788,0.9674967496749675,0.9684968496849685,0.9662966296629663,12,2112,10304,80,L12-2112,0.98
9044,Histidine phosphatase superfamily,15,9985,5,195,10,9790,25.102564102564102,7.76601521928416e-06,0.009381346384895264,0.9771977197719772,0.9413941394139413,0.9516951695169517,0.93999399939994,12,2112,10304,80,L12-2112,0.98
7697,Ferredoxin--NADP reductase type 2,10,9990,4,196,6,9794,33.31292517006803,2.9672647636528404e-05,0.03584455834492631,0.978097809780978,0.9643964396439644,0.9684968496849685,0.9602960296029603,12,2112,10304,80,L12-2112,0.98
8548,"Phosphoenolpyruvate carboxykinase, N-terminal",10,9990,4,196,6,9794,33.31292517006803,2.9672647636528404e-05,0.03584455834492631,0.9756475647564757,0.9664966496649665,0.9671967196719672,0.9658965896589659,12,2112,10304,80,L12-2112,0.98
8720,"Phosphoenolpyruvate carboxykinase, C-terminal",10,9990,4,196,6,9794,33.31292517006803,2.9672647636528404e-05,0.03584455834492631,0.9756475647564757,0.9664966496649665,0.9671967196719672,0.9658965896589659,12,2112,10304,80,L12-2112,0.98
9278,NAD(P)-binding domain superfamily,206,9794,91,109,115,9685,70.30993218986836,3.2908690085439904e-106,3.9753697623211403e-103,0.9775477547754775,0.9427942794279428,0.9460946094609461,0.5097509750975098,8,2677,6773,56,L8-2677,0.98
9235,FAD/NAD(P)-binding domain superfamily,75,9925,55,145,20,9780,185.48275862068965,6.842718895222652e-80,8.266004425428964e-77,0.9894989498949895,0.9633963396339634,0.9698969896989699,0.8131813181318132,8,2677,6773,56,L8-2677,0.98
4311,Short-chain dehydrogenase/reductase SDR,26,9974,26,174,0,9800,2976.6561604584526,1.2679826756730402e-45,1.5317230722130324e-42,0.9949994999499949,0.9896989698969897,0.990999099909991,0.9876987698769877,8,2677,6773,56,L8-2677,0.98
9059,Alpha/Beta hydrolase fold,63,9937,33,167,30,9770,64.35329341317366,2.9088128758279348e-40,3.5138459540001453e-37,0.980998099809981,0.9427942794279428,0.9528952895289529,0.9357935793579358,8,2677,6773,56,L8-2677,0.98
536,"Short-chain dehydrogenase/reductase, conserved site",17,9983,17,183,0,9800,1869.3051771117166,6.601244502519657e-30,7.974303359043745e-27,0.9964996499649965,0.9908990899089909,0.9926992699269926,0.9876987698769877,8,2677,6773,56,L8-2677,0.98
2515,FAD/NAD(P)-binding domain,15,9985,15,185,0,9800,1637.819407008086,1.9332539622645866e-26,2.3353707864156205e-23,0.9991999199919992,0.9981998199819982,0.9983998399839984,0.997999799979998,8,2677,6773,56,L8-2677,0.98
1489,Quinate/shikimate 5-dehydrogenase/glutamyl-tRNA reductase,19,9981,13,187,6,9794,113.47771836007128,1.3537480399850704e-18,1.635327632301965e-15,0.9856985698569857,0.9578957895789579,0.963996399639964,0.9578957895789579,8,2677,6773,56,L8-2677,0.98
7697,Ferredoxin--NADP reductase type 2,10,9990,10,190,0,9800,1080.3700787401576,8.183776315505496e-18,9.886001789130639e-15,0.9993499349934993,0.9985998599859987,0.9988998899889989,0.9982998299829983,8,2677,6773,56,L8-2677,0.98
10002,"Aminoacid dehydrogenase-like, N-terminal domain superfamily",30,9970,13,187,17,9783,40.005976722239694,4.926903673827517e-15,5.95169963798364e-12,0.9640964096409641,0.9347934793479348,0.941994199419942,0.9226922692269227,8,2677,6773,56,L8-2677,0.98
8558,"6-phosphogluconate dehydrogenase-like, C-terminal domain superfamily",31,9969,13,187,18,9782,37.77956030897207,8.337689254200483e-15,1.0071928619074183e-11,0.9793479347934794,0.7801780178017802,0.9406940694069407,0.5097509750975098,8,2677,6773,56,L8-2677,0.98
659,Alpha/beta hydrolase fold-1,16,9984,10,190,6,9794,85.9122807017544,5.902505365015493e-14,7.130226480938715e-11,0.9864986498649865,0.9504950495049505,0.9608960896089609,0.9478947894789479,8,2677,6773,56,L8-2677,0.98
1460,FAD dependent oxidoreductase,12,9988,8,192,4,9796,102.04166666666666,1.0293513233504766e-11,1.2434563986073758e-08,0.9885488548854886,0.9551955195519551,0.9634963496349634,0.945994599459946,8,2677,6773,56,L8-2677,0.98
8728,"6-phosphogluconate dehydrogenase, domain 2",15,9985,8,192,7,9793,58.291666666666664,1.2707953959434335e-10,1.5351208382996676e-07,0.9815981598159816,0.5877587758775877,0.7555755575557556,0.5097509750975098,8,2677,6773,56,L8-2677,0.98
2188,"Glutamyl-tRNA reductase, N-terminal",13,9987,7,193,6,9794,59.203799654576855,1.787084586384644e-09,2.15879818035265e-06,0.98009800980098,0.9578957895789579,0.9593959395939594,0.9578957895789579,8,2677,6773,56,L8-2677,0.98
2189,"Tetrapyrrole biosynthesis, glutamyl-tRNA reductase, dimerisation domain",13,9987,7,193,6,9794,59.203799654576855,1.787084586384644e-09,2.15879818035265e-06,0.98009800980098,0.9578957895789579,0.9593959395939594,0.9578957895789579,8,2677,6773,56,L8-2677,0.98
3792,Glutamyl-tRNA reductase,13,9987,7,193,6,9794,59.203799654576855,1.787084586384644e-09,2.15879818035265e-06,0.98009800980098,0.9578957895789579,0.9593959395939594,0.9578957895789579,8,2677,6773,56,L8-2677,0.98
9293,"Glutamyl-tRNA reductase, N-terminal domain superfamily",13,9987,7,193,6,9794,59.203799654576855,1.787084586384644e-09,2.15879818035265e-06,0.98009800980098,0.9578957895789579,0.9593959395939594,0.9578957895789579,8,2677,6773,56,L8-2677,0.98
9063,S-adenosyl-L-methionine-dependent methyltransferase superfamily,179,9821,19,181,160,9640,6.324585635359116,2.634619278899123e-09,3.1826200889101406e-06,0.960996099609961,0.9091909190919092,0.9307930793079308,0.6612661266126613,8,2677,6773,56,L8-2677,0.98
3086,"MnmG, N-terminal domain",16,9984,7,193,9,9791,39.45710995970064,1.1320800366070375e-08,1.3675526842213012e-05,0.9768226822682268,0.9723972397239724,0.9725972597259726,0.9723972397239724,8,2677,6773,56,L8-2677,0.98
4267,tRNA uridine 5-carboxymethylaminomethyl modification enzyme MnmG-related,16,9984,7,193,9,9791,39.45710995970064,1.1320800366070375e-08,1.3675526842213012e-05,0.9768226822682268,0.9723972397239724,0.9725972597259726,0.9723972397239724,8,2677,6773,56,L8-2677,0.98
1484,"D-isomer specific 2-hydroxyacid dehydrogenase, catalytic domain",10,9990,6,194,4,9796,75.74226804123711,1.1669183350979782e-08,1.4096373487983578e-05,0.9821732173217321,0.967996799679968,0.9686968696869687,0.9673967396739674,8,2677,6773,56,L8-2677,0.98
1485,"D-isomer specific 2-hydroxyacid dehydrogenase, NAD-binding domain",10,9990,6,194,4,9796,75.74226804123711,1.1669183350979782e-08,1.4096373487983578e-05,0.9821732173217321,0.967996799679968,0.9686968696869687,0.9673967396739674,8,2677,6773,56,L8-2677,0.98
363,"Glutamyl-tRNA reductase, conserved site",12,9988,6,194,6,9794,50.48453608247423,4.9652049481193924e-08,5.997967577328226e-05,0.9795479547954795,0.9578957895789579,0.9586958695869587,0.9578957895789579,8,2677,6773,56,L8-2677,0.98
791,"Dihydrodipicolinate reductase, N-terminal",11,9989,5,195,6,9794,41.85470085470086,1.2754860735051818e-06,0.0015407871767942596,0.9752975297529753,0.9547954795479549,0.9600960096009601,0.9495949594959496,8,2677,6773,56,L8-2677,0.98
9360,Glutamyl tRNA-reductase dimerization domain superfamily,10,9990,4,196,6,9794,33.31292517006803,2.9672647636528404e-05,0.03584455834492631,0.9755475547554755,0.9578957895789579,0.9578957895789579,0.9578957895789579,8,2677,6773,56,L8-2677,0.98
8787,WD40/YVTN repeat-like-containing domain superfamily,57,9943,55,145,2,9798,1858.2413793103449,1.763271575931281e-94,2.1300320637249877e-91,0.9970997099709971,0.9863986398639863,0.9931993199319932,0.810981098109811,12,3035,11227,91,L12-3035,0.98
10047,WD40 repeat,43,9957,43,157,0,9800,5413.609523809524,7.360021118271134e-76,8.89090551087153e-73,0.9978997899789979,0.9957995799579958,0.995999599959996,0.995099509950995,12,3035,11227,91,L12-3035,0.98
9289,WD40-repeat-containing domain superfamily,42,9958,42,158,0,9800,5255.788643533123,4.6386766009964525e-74,5.603521334003715e-71,0.9978497849784979,0.995099509950995,0.9957995799579958,0.9944994499449945,12,3035,11227,91,L12-3035,0.98
448,"WD40 repeat, conserved site",27,9973,27,173,0,9800,3106.78674351585,2.212041162694096e-47,2.672145724534468e-44,0.9986998699869987,0.9967996799679968,0.996999699969997,0.9964996499649965,12,3035,11227,91,L12-3035,0.98
10082,"PAC1/LIS1-like, WD-40 repeat",22,9978,22,178,0,9800,2470.714285714286,1.2944406752792368e-38,1.5636843357373181e-35,0.9987498749874988,0.9971997199719972,0.9972997299729973,0.9968996899689969,12,3035,11227,91,L12-3035,0.98
1547,YqgF/RNase H-like domain,13,9987,13,187,0,9800,1411.2720000000002,5.543205379474106e-23,6.69619209840472e-20,0.9903990399039904,0.9865986598659866,0.9882988298829883,0.9844984498449845,12,3035,11227,91,L12-3035,0.98
4874,Putative pre-16S rRNA nuclease,13,9987,13,187,0,9800,1411.2720000000002,5.543205379474106e-23,6.69619209840472e-20,0.9903990399039904,0.9865986598659866,0.9882988298829883,0.9844984498449845,12,3035,11227,91,L12-3035,0.98
9631,YqgF/RNase H-like domain superfamily,13,9987,13,187,0,9800,1411.2720000000002,5.543205379474106e-23,6.69619209840472e-20,0.9903990399039904,0.9865986598659866,0.9882988298829883,0.9844984498449845,12,3035,11227,91,L12-3035,0.98
2344,"Large ribosomal subunit protein uL6, alpha-beta domain",14,9986,10,190,4,9796,128.89473684210526,7.639973178001498e-15,9.229087599025809e-12,0.9840484048404841,0.977997799779978,0.9781978197819782,0.9778977897789779,12,3035,11227,91,L12-3035,0.98
3881,Large ribosomal subunit protein uL6-like,14,9986,10,190,4,9796,128.89473684210526,7.639973178001498e-15,9.229087599025809e-12,0.9840484048404841,0.977997799779978,0.9781978197819782,0.9778977897789779,12,3035,11227,91,L12-3035,0.98
9497,"Large ribosomal subunit protein uL6-like, alpha-beta domain superfamily",14,9986,10,190,4,9796,128.89473684210526,7.639973178001498e-15,9.229087599025809e-12,0.9840484048404841,0.977997799779978,0.9781978197819782,0.9778977897789779,12,3035,11227,91,L12-3035,0.98
8705,Ribonuclease H-like superfamily,68,9932,17,183,51,9749,17.75774134790528,1.2166769383179185e-14,1.4697457414880457e-11,0.5858835883588359,0.32473247324732474,0.32473247324732474,0.32473247324732474,12,3035,11227,91,L12-3035,0.98
209,"Large ribosomal subunit protein uL6, conserved site",13,9987,9,191,4,9796,115.3979057591623,2.8555529654993247e-13,3.449507982323184e-10,0.983998399839984,0.977997799779978,0.9781978197819782,0.9778977897789779,12,3035,11227,91,L12-3035,0.98
6246,"Large ribosomal subunit protein uL6, bacterial-type",13,9987,9,191,4,9796,115.3979057591623,2.8555529654993247e-13,3.449507982323184e-10,0.983998399839984,0.977997799779978,0.9781978197819782,0.9778977897789779,12,3035,11227,91,L12-3035,0.98
8781,"Nitrogen regulatory protein PII/ATP phosphoribosyltransferase, C-terminal",10,9990,6,194,4,9796,75.74226804123711,1.1669183350979782e-08,1.4096373487983578e-05,0.9821982198219822,0.32473247324732474,0.32473247324732474,0.32473247324732474,12,3035,11227,91,L12-3035,0.98
4000,NADH-ubiquinone oxidoreductase chain 4L/K,11,9989,5,195,6,9794,41.85470085470086,1.2754860735051818e-06,0.0015407871767942596,0.9724972497249725,0.32473247324732474,0.32473247324732474,0.32473247324732474,12,3035,11227,91,L12-3035,0.98
7261,NADH-ubiquinone oxidoreductase chain 4L/Mnh complex subunit C1-like,11,9989,5,195,6,9794,41.85470085470086,1.2754860735051818e-06,0.0015407871767942596,0.9724972497249725,0.32473247324732474,0.32473247324732474,0.32473247324732474,12,3035,11227,91,L12-3035,0.98
3177,"AAA ATPase, AAA+ lid domain",11,9989,5,195,6,9794,41.85470085470086,1.2754860735051818e-06,0.0015407871767942596,0.9485948594859486,0.7255725572557256,0.7611761176117612,0.6899689968996899,12,3035,11227,91,L12-3035,0.98
221,"ATPase, AAA-type, conserved site",14,9986,5,195,9,9791,27.894586894586897,5.2626002896722264e-06,0.0063572211499240494,0.9467946794679467,0.7362736273627363,0.7750775077507751,0.6899689968996899,12,3035,11227,91,L12-3035,0.98
9059,Alpha/Beta hydrolase fold,63,9937,48,152,15,9785,206.00000000000003,6.558475202022114e-71,7.922638044042714e-68,0.9968996899689969,0.9711971197119712,0.9752975297529753,0.964996499649965,8,488,4584,51,L8-488,0.98
659,Alpha/beta hydrolase fold-1,16,9984,16,184,0,9800,1752.9349593495936,3.581892669193275e-28,4.326926344385477e-25,0.997999799979998,0.9937993799379938,0.9958995899589959,0.9875987598759876,8,488,4584,51,L8-488,0.98
4162,Small GTPase,16,9984,12,188,4,9796,156.31914893617022,4.996954523480811e-18,6.0363210643648195e-15,0.9905490549054905,0.964996499649965,0.964996499649965,0.964996499649965,8,488,4584,51,L8-488,0.98
1395,Small GTP-binding domain,128,9872,23,177,105,9695,11.998116760828626,5.230339706776301e-16,6.318250365785771e-13,0.4824982498249825,0.964996499649965,0.964996499649965,0.964996499649965,8,488,4584,51,L8-488,0.98
204,"DNA methylase, N-6 adenine-specific, conserved site",13,9987,7,193,6,9794,59.203799654576855,1.787084586384644e-09,2.15879818035265e-06,0.9831983198319832,0.964996499649965,0.968996899689969,0.964996499649965,8,488,4584,51,L8-488,0.98
2717,EngB-type guanine nucleotide-binding (G) domain,11,9989,6,194,5,9795,60.587628865979376,2.5245511326744527e-08,3.049657768270739e-05,0.985998599859986,0.964996499649965,0.964996499649965,0.964996499649965,8,488,4584,51,L8-488,0.98
6266,"GTP-binding protein, ribosome biogenesis, YsxC",11,9989,6,194,5,9795,60.587628865979376,2.5245511326744527e-08,3.049657768270739e-05,0.985998599859986,0.964996499649965,0.964996499649965,0.964996499649965,8,488,4584,51,L8-488,0.98
1458,GTP binding domain,62,9938,10,190,52,9748,9.866396761133604,3.557855277600788e-07,0.00042978891753417517,0.4824982498249825,0.964996499649965,0.964996499649965,0.964996499649965,8,488,4584,51,L8-488,0.98
9063,S-adenosyl-L-methionine-dependent methyltransferase superfamily,179,9821,16,184,163,9637,5.141104294478527,5.46943352445057e-07,0.0006607075697536288,0.4824982498249825,0.964996499649965,0.964996499649965,0.964996499649965,8,488,4584,51,L8-488,0.98
4213,Phosphopantetheine adenylyltransferase,18,9982,6,194,12,9788,25.22680412371134,9.022295853489287e-07,0.001089893339101506,0.4824982498249825,0.964996499649965,0.964996499649965,0.964996499649965,8,488,4584,51,L8-488,0.98
528,"Tetrahydrofolate dehydrogenase/cyclohydrolase, conserved site",11,9989,5,195,6,9794,41.85470085470086,1.2754860735051818e-06,0.0015407871767942596,0.4824982498249825,0.964996499649965,0.964996499649965,0.964996499649965,8,488,4584,51,L8-488,0.98
10002,"Aminoacid dehydrogenase-like, N-terminal domain superfamily",30,9970,7,193,23,9777,15.417661635503494,1.588064508107327e-06,0.001918381925793651,0.4824982498249825,0.964996499649965,0.964996499649965,0.964996499649965,8,488,4584,51,L8-488,0.98
2380,"Tetrahydrofolate dehydrogenase/cyclohydrolase, catalytic domain",16,9984,5,195,11,9789,22.818181818181817,1.1113094769641624e-05,0.013424618481727083,0.4824982498249825,0.964996499649965,0.964996499649965,0.964996499649965,8,488,4584,51,L8-488,0.98
2381,"Tetrahydrofolate dehydrogenase/cyclohydrolase, NAD(P)-binding domain",16,9984,5,195,11,9789,22.818181818181817,1.1113094769641624e-05,0.013424618481727083,0.4824982498249825,0.964996499649965,0.964996499649965,0.964996499649965,8,488,4584,51,L8-488,0.98
3873,Tetrahydrofolate dehydrogenase/cyclohydrolase,16,9984,5,195,11,9789,22.818181818181817,1.1113094769641624e-05,0.013424618481727083,0.4824982498249825,0.964996499649965,0.964996499649965,0.964996499649965,8,488,4584,51,L8-488,0.98
9005,P-loop containing nucleoside triphosphate hydrolase,652,9348,178,22,474,9326,159.18948983505945,4.0217350396106213e-194,4.8582559278496304e-191,0.9621712171217122,0.8905890589058906,0.9157915791579158,0.8333833383338334,12,1256,9448,73,L12-1256,0.98
1395,Small GTP-binding domain,128,9872,112,88,16,9784,778.2727272727273,6.42719499487758e-188,7.764051553812117e-185,0.990974097409741,0.9541954195419542,0.9722972297229723,0.9375937593759376,12,1256,9448,73,L12-1256,0.98
1458,GTP binding domain,62,9938,62,138,0,9800,8845.216606498194,1.377892860334521e-110,1.6644945752841014e-107,0.9938493849384938,0.9882988298829883,0.9893989398939894,0.9865986598659866,12,1256,9448,73,L12-1256,0.98
782,Translational (tr)-type GTP-binding domain,70,9930,54,146,16,9784,226.1712328767123,1.52275549821373e-80,1.839488641842186e-77,0.9856985698569857,0.948094809480948,0.9546954695469547,0.9375937593759376,12,1256,9448,73,L12-1256,0.98
609,"Tr-type G domain, conserved site",56,9944,48,152,8,9792,386.5263157894737,8.477904407160917e-76,1.0241308523850388e-72,0.9861486148614862,0.9692969296929693,0.972997299729973,0.9472947294729473,12,1256,9448,73,L12-1256,0.98
1301,"Translation elongation factor EFTu-like, domain 2",55,9945,42,158,13,9787,200.12366114897762,5.493970649094767e-62,6.636716544106478e-59,0.985998599859986,0.9524952495249525,0.9590959095909591,0.9466946694669467,12,1256,9448,73,L12-1256,0.98
8587,"Translation protein, beta-barrel domain superfamily",106,9894,46,154,60,9740,48.48917748917749,2.830488400947587e-51,3.419229988344685e-48,0.9566456645664567,0.26992699269926995,0.26992699269926995,0.26992699269926995,12,1256,9448,73,L12-1256,0.98
8588,"Translation elongation factor EF1A/initiation factor IF2gamma, C-terminal",23,9977,23,177,0,9800,2595.061971830986,2.3091846081349376e-40,2.7894950066270045e-37,0.9934993499349934,0.9890989098909891,0.9895989598959896,0.9881988198819882,12,1256,9448,73,L12-1256,0.98
9097,EF-G domain III/V-like,35,9965,26,174,9,9791,162.55810983397188,7.686422539399612e-38,9.285198427594732e-35,0.9837983798379838,0.9484948494849484,0.9690969096909691,0.9466946694669467,12,1256,9448,73,L12-1256,0.98
751,"Elongation factor EFG, domain V-like",34,9966,25,175,9,9791,155.4126984126984,3.2525737574836435e-36,3.929109099040241e-33,0.9837483748374838,0.9484948494849484,0.968996899689969,0.9466946694669467,12,1256,9448,73,L12-1256,0.98
1300,"Translation elongation factor EFTu/EF1A, C-terminal",18,9982,18,182,0,9800,1986.9506849315067,1.2100848882711583e-31,1.4617825450315593e-28,0.9945994599459946,0.9920992099209921,0.9922992299229924,0.9915991599159916,12,1256,9448,73,L12-1256,0.98
2865,"Elongation factor Tu, domain 2",18,9982,18,182,0,9800,1986.9506849315067,1.2100848882711583e-31,1.4617825450315593e-28,0.9945994599459946,0.9920992099209921,0.9922992299229924,0.9915991599159916,12,1256,9448,73,L12-1256,0.98
3204,"Elongation factor Tu (EF-Tu), GTP-binding domain",18,9982,18,182,0,9800,1986.9506849315067,1.2100848882711583e-31,1.4617825450315593e-28,0.9945994599459946,0.9920992099209921,0.9922992299229924,0.9915991599159916,12,1256,9448,73,L12-1256,0.98
4741,"Translation elongation factor EFTu/EF1A, bacterial/organelle",18,9982,18,182,0,9800,1986.9506849315067,1.2100848882711583e-31,1.4617825450315593e-28,0.9945994599459946,0.9920992099209921,0.9922992299229924,0.9915991599159916,12,1256,9448,73,L12-1256,0.98
7658,Elongation factor Tu GTPase,18,9982,18,182,0,9800,1986.9506849315067,1.2100848882711583e-31,1.4617825450315593e-28,0.9945994599459946,0.9920992099209921,0.9922992299229924,0.9915991599159916,12,1256,9448,73,L12-1256,0.98
4162,Small GTPase,16,9984,16,184,0,9800,1752.9349593495936,3.581892669193275e-28,4.326926344385477e-25,0.9968746874687469,0.9924992499249925,0.9933993399339934,0.991899189918992,12,1256,9448,73,L12-1256,0.98
2727,OBG-type guanine nucleotide-binding (G) domain,14,9986,14,186,0,9800,1523.9383378016087,1.037928713288933e-24,1.253817885653031e-21,0.9965496549654965,0.9940994099409941,0.9945994599459946,0.9933993399339934,12,1256,9448,73,L12-1256,0.98
2290,"GTP-binding protein TrmE, N-terminal",14,9986,14,186,0,9800,1523.9383378016087,1.037928713288933e-24,1.253817885653031e-21,0.9895489548954896,0.9867986798679867,0.9872987298729873,0.9865986598659866,12,1256,9448,73,L12-1256,0.98
2603,"MnmE, helical domain",14,9986,14,186,0,9800,1523.9383378016087,1.037928713288933e-24,1.253817885653031e-21,0.9895489548954896,0.9867986798679867,0.9872987298729873,0.9865986598659866,12,1256,9448,73,L12-1256,0.98
2728,TrmE-type guanine nucleotide-binding domain,14,9986,14,186,0,9800,1523.9383378016087,1.037928713288933e-24,1.253817885653031e-21,0.9895489548954896,0.9867986798679867,0.9872987298729873,0.9865986598659866,12,1256,9448,73,L12-1256,0.98
4726,tRNA modification GTPase MnmE,14,9986,14,186,0,9800,1523.9383378016087,1.037928713288933e-24,1.253817885653031e-21,0.9895489548954896,0.9867986798679867,0.9872987298729873,0.9865986598659866,12,1256,9448,73,L12-1256,0.98
8995,tRNA modification GTPase MnmE domain 2,14,9986,14,186,0,9800,1523.9383378016087,1.037928713288933e-24,1.253817885653031e-21,0.9895489548954896,0.9867986798679867,0.9872987298729873,0.9865986598659866,12,1256,9448,73,L12-1256,0.98
2065,"GTP-binding protein LepA, C-terminal",15,9985,14,186,1,9799,737.5591397849462,1.5298275144616965e-23,1.8480316374697295e-20,0.9852985298529853,0.9782978297829783,0.9821982198219822,0.9693969396939695,12,1256,9448,73,L12-1256,0.98
3004,"Elongation factor 4, domain IV",15,9985,14,186,1,9799,737.5591397849462,1.5298275144616965e-23,1.8480316374697295e-20,0.9852985298529853,0.9782978297829783,0.9821982198219822,0.9693969396939695,12,1256,9448,73,L12-1256,0.98
5141,Elongation factor 4,15,9985,14,186,1,9799,737.5591397849462,1.5298275144616965e-23,1.8480316374697295e-20,0.9852985298529853,0.9782978297829783,0.9821982198219822,0.9693969396939695,12,1256,9448,73,L12-1256,0.98
9779,"LepA, C-terminal domain superfamily",15,9985,14,186,1,9799,737.5591397849462,1.5298275144616965e-23,1.8480316374697295e-20,0.9852985298529853,0.9782978297829783,0.9821982198219822,0.9693969396939695,12,1256,9448,73,L12-1256,0.98
1495,GTP1/OBG domain,13,9987,13,187,0,9800,1411.2720000000002,5.543205379474106e-23,6.69619209840472e-20,0.9965496549654965,0.993999399939994,0.9945994599459946,0.9933993399339934,12,1256,9448,73,L12-1256,0.98
5865,GTP-binding protein Obg/CgtA,13,9987,13,187,0,9800,1411.2720000000002,5.543205379474106e-23,6.69619209840472e-20,0.9965496549654965,0.993999399939994,0.9945994599459946,0.9933993399339934,12,1256,9448,73,L12-1256,0.98
7513,OBG-type GTPase,13,9987,13,187,0,9800,1411.2720000000002,5.543205379474106e-23,6.69619209840472e-20,0.9965496549654965,0.993999399939994,0.9945994599459946,0.9933993399339934,12,1256,9448,73,L12-1256,0.98
9471,GTP1/OBG domain superfamily,13,9987,13,187,0,9800,1411.2720000000002,5.543205379474106e-23,6.69619209840472e-20,0.9965496549654965,0.993999399939994,0.9945994599459946,0.9933993399339934,12,1256,9448,73,L12-1256,0.98
236,"GTP1/OBG, conserved site",12,9988,12,188,0,9800,1299.8010610079575,2.9449752835206045e-21,3.55753014249289e-18,0.9965496549654965,0.993999399939994,0.9945994599459946,0.9933993399339934,12,1256,9448,73,L12-1256,0.98
8788,"K homology domain-like, alpha/beta",50,9950,19,181,31,9769,33.079843165211194,3.9128063788104885e-20,4.72667010560307e-17,0.2266976697669767,0.26992699269926995,0.26992699269926995,0.26992699269926995,12,1256,9448,73,L12-1256,0.98
2717,EngB-type guanine nucleotide-binding (G) domain,11,9989,11,189,0,9800,1189.5065963060686,1.556473973919964e-19,1.8802205604953166e-16,0.998999899989999,0.9966996699669967,0.9977997799779978,0.9956995699569957,12,1256,9448,73,L12-1256,0.98
6266,"GTP-binding protein, ribosome biogenesis, YsxC",11,9989,11,189,0,9800,1189.5065963060686,1.556473973919964e-19,1.8802205604953166e-16,0.998999899989999,0.9966996699669967,0.9977997799779978,0.9956995699569957,12,1256,9448,73,L12-1256,0.98
2726,EngA-type guanine nucleotide-binding (G) domain,11,9989,11,189,0,9800,1189.5065963060686,1.556473973919964e-19,1.8802205604953166e-16,0.993999399939994,0.992999299929993,0.993099309930993,0.9928992899289929,12,1256,9448,73,L12-1256,0.98
2835,"GTPase Der, C-terminal KH-domain-like",11,9989,11,189,0,9800,1189.5065963060686,1.556473973919964e-19,1.8802205604953166e-16,0.993999399939994,0.992999299929993,0.993099309930993,0.9928992899289929,12,1256,9448,73,L12-1256,0.98
6012,GTPase Der,11,9989,11,189,0,9800,1189.5065963060686,1.556473973919964e-19,1.8802205604953166e-16,0.993999399939994,0.992999299929993,0.993099309930993,0.9928992899289929,12,1256,9448,73,L12-1256,0.98
8987,Aminomethyltransferase superfamily,23,9977,14,186,9,9791,81.88410991636798,7.243354361686287e-19,8.749972068917035e-16,0.9880988098809881,0.26992699269926995,0.26992699269926995,0.26992699269926995,12,1256,9448,73,L12-1256,0.98
3002,"EFG, domain V",12,9988,10,190,2,9798,257.8421052631579,5.216135227769166e-16,6.301091355145152e-13,0.9835483548354835,0.9588958895889589,0.9700970097009701,0.9466946694669467,12,1256,9448,73,L12-1256,0.98
1717,"Elongation factor G, domain III",13,9987,10,190,3,9797,171.87719298245614,2.2212485185446966e-15,2.6832682104019936e-12,0.9833983398339834,0.946994699469947,0.9515951595159516,0.9466946694669467,12,1256,9448,73,L12-1256,0.98
3436,"Elongation factor G, domain IV",13,9987,10,190,3,9797,171.87719298245614,2.2212485185446966e-15,2.6832682104019936e-12,0.9833983398339834,0.946994699469947,0.9515951595159516,0.9466946694669467,12,1256,9448,73,L12-1256,0.98
4740,Translation elongation factor EFG/EF2,13,9987,10,190,3,9797,171.87719298245614,2.2212485185446966e-15,2.6832682104019936e-12,0.9833983398339834,0.946994699469947,0.9515951595159516,0.9466946694669467,12,1256,9448,73,L12-1256,0.98
3583,"Elongation factor G-like, domain II",17,9983,10,190,7,9793,73.63157894736842,1.4086892795497604e-13,1.7016966496961106e-10,0.9818981898189819,0.9382938293829383,0.9467946794679468,0.9375937593759376,12,1256,9448,73,L12-1256,0.98
1407,"Translation elongation factor EFG/EF2, domain IV",18,9982,10,190,8,9792,64.42105263157895,3.114770873026286e-13,3.7626432146157537e-10,0.982023202320232,0.9471947194719472,0.9484948494849484,0.9466946694669467,12,1256,9448,73,L12-1256,0.98
3128,"Elongation Factor G, domain II",18,9982,10,190,8,9792,64.42105263157895,3.114770873026286e-13,3.7626432146157537e-10,0.982023202320232,0.9471947194719472,0.9484948494849484,0.9466946694669467,12,1256,9448,73,L12-1256,0.98
292,"ABC transporter-like, conserved site",65,9935,13,187,52,9748,13.032085561497325,3.656512164634011e-10,4.4170666948778853e-07,0.9762976297629763,0.9560956095609561,0.965096509650965,0.934993499349935,12,1256,9448,73,L12-1256,0.98
1194,"ABC transporter-like, ATP-binding domain",67,9933,13,187,54,9746,12.546840958605664,5.454863392787386e-10,6.589474978487162e-07,0.9761976197619762,0.9493949394939494,0.9636963696369637,0.934993499349935,12,1256,9448,73,L12-1256,0.98
1206,AAA+ ATPase domain,175,9825,19,181,156,9644,6.489446097180903,1.7965361116859305e-09,2.170215622916604e-06,0.9652965296529653,0.9351935193519352,0.9384938493849385,0.8847884788478848,12,1256,9448,73,L12-1256,0.98
1273,"K Homology domain, type 2",22,9978,8,192,14,9786,29.125,5.598349077047765e-09,6.7628056850737e-06,0.13496349634963498,0.26992699269926995,0.26992699269926995,0.26992699269926995,12,1256,9448,73,L12-1256,0.98
8598,"K homology domain superfamily, prokaryotic type",24,9976,8,192,16,9784,25.479166666666664,1.244092766891193e-08,1.502864062404561e-05,0.13496349634963498,0.26992699269926995,0.26992699269926995,0.26992699269926995,12,1256,9448,73,L12-1256,0.98
1573,"Translation initiation factor IF-2, N-terminal",12,9988,5,195,7,9793,35.87179487179487,2.1510818049508878e-06,0.0025985068203806722,0.9592959295929593,0.937993799379938,0.9397939793979398,0.9375937593759376,12,1256,9448,73,L12-1256,0.98
5945,Translation initiation factor IF- 2,12,9988,5,195,7,9793,35.87179487179487,2.1510818049508878e-06,0.0025985068203806722,0.9592959295929593,0.937993799379938,0.9397939793979398,0.9375937593759376,12,1256,9448,73,L12-1256,0.98
8756,"Small ribosomal subunit protein uS5 domain 2-type fold, subgroup",90,9910,10,190,80,9720,6.394736842105263,1.16421954227696e-05,0.014063772070705678,0.8605860586058606,0.26992699269926995,0.26992699269926995,0.26992699269926995,12,1256,9448,73,L12-1256,0.98
8548,"Phosphoenolpyruvate carboxykinase, N-terminal",10,9990,4,196,6,9794,33.31292517006803,2.9672647636528404e-05,0.03584455834492631,0.9795979597959796,0.9767976797679768,0.9767976797679768,0.9767976797679768,12,1256,9448,73,L12-1256,0.98
8720,"Phosphoenolpyruvate carboxykinase, C-terminal",10,9990,4,196,6,9794,33.31292517006803,2.9672647636528404e-05,0.03584455834492631,0.9795979597959796,0.9767976797679768,0.9767976797679768,0.9767976797679768,12,1256,9448,73,L12-1256,0.98
9063,S-adenosyl-L-methionine-dependent methyltransferase superfamily,179,9821,134,66,45,9755,440.1245791245791,1.2292765967165431e-211,1.4849661288335842e-208,0.9882988298829883,0.9610961096109611,0.971997199719972,0.7338733873387339,12,3794,11986,100,L12-3794,0.98
9278,NAD(P)-binding domain superfamily,206,9794,54,146,152,9648,23.476568132660418,1.5525422200210514e-46,1.87547100178543e-43,0.9712971297129713,0.9425942594259425,0.9527952795279528,0.8036803680368036,12,3794,11986,100,L12-3794,0.98
4311,Short-chain dehydrogenase/reductase SDR,26,9974,26,174,0,9800,2976.6561604584526,1.2679826756730402e-45,1.5317230722130324e-42,0.9925992599259926,0.9830983098309831,0.9837983798379838,0.9804980498049805,12,3794,11986,100,L12-3794,0.98
536,"Short-chain dehydrogenase/reductase, conserved site",17,9983,17,183,0,9800,1869.3051771117166,6.601244502519657e-30,7.974303359043745e-27,0.9931993199319932,0.9853985398539854,0.9865986598659866,0.9836983698369837,12,3794,11986,100,L12-3794,0.98
4433,Ribosomal RNA small subunit methyltransferase H,15,9985,15,185,0,9800,1637.819407008086,1.9332539622645866e-26,2.3353707864156205e-23,0.9843984398439845,0.9818981898189819,0.9821982198219822,0.9816981698169817,12,3794,11986,100,L12-3794,0.98
8930,"S-adenosyl-L-methionine-dependent methyltransferase, MraW, recognition domain superfamily",15,9985,15,185,0,9800,1637.819407008086,1.9332539622645866e-26,2.3353707864156205e-23,0.9843984398439845,0.9818981898189819,0.9821982198219822,0.9816981698169817,12,3794,11986,100,L12-3794,0.98
505,"Ribosomal RNA adenine methylase transferase, conserved site",14,9986,14,186,0,9800,1523.9383378016087,1.037928713288933e-24,1.253817885653031e-21,0.9962496249624962,0.994999499949995,0.9952995299529953,0.9945994599459946,12,3794,11986,100,L12-3794,0.98
2374,"Ribosomal RNA adenine methylase transferase, N-terminal",14,9986,14,186,0,9800,1523.9383378016087,1.037928713288933e-24,1.253817885653031e-21,0.9962496249624962,0.994999499949995,0.9952995299529953,0.9945994599459946,12,3794,11986,100,L12-3794,0.98
4148,Ribosomal RNA adenine methyltransferase KsgA/Erm,14,9986,14,186,0,9800,1523.9383378016087,1.037928713288933e-24,1.253817885653031e-21,0.9962496249624962,0.994999499949995,0.9952995299529953,0.9945994599459946,12,3794,11986,100,L12-3794,0.98
8889,"rRNA adenine dimethylase-like, C-terminal",14,9986,14,186,0,9800,1523.9383378016087,1.037928713288933e-24,1.253817885653031e-21,0.9962496249624962,0.994999499949995,0.9952995299529953,0.9945994599459946,12,3794,11986,100,L12-3794,0.98
5649,Ribosomal RNA adenine dimethylase,13,9987,13,187,0,9800,1411.2720000000002,5.543205379474106e-23,6.69619209840472e-20,0.9961996199619962,0.994999499949995,0.9952995299529953,0.9945994599459946,12,3794,11986,100,L12-3794,0.98
2515,FAD/NAD(P)-binding domain,15,9985,12,188,3,9797,208.4468085106383,1.271326705770627e-18,1.5357626605709174e-15,0.9878987898789879,0.9694969496949695,0.9736973697369737,0.9682968296829683,12,3794,11986,100,L12-3794,0.98
4535,rRNA small subunit methyltransferase G,10,9990,10,190,0,9800,1080.3700787401576,8.183776315505496e-18,9.886001789130639e-15,0.9902990299029903,0.9861986198619862,0.9883988398839884,0.9840984098409841,12,3794,11986,100,L12-3794,0.98
4488,"tRNA (guanine-N-7) methyltransferase, Trmb type",10,9990,9,191,1,9799,461.7329842931937,4.2071894251089e-15,5.082284825531551e-12,0.9921992199219922,0.9842984298429843,0.9892989298929893,0.9794979497949795,12,3794,11986,100,L12-3794,0.98
8535,"tRNA (guanine-N(7)-)-methyltransferase TrmB, bacteria",10,9990,9,191,1,9799,461.7329842931937,4.2071894251089e-15,5.082284825531551e-12,0.9921992199219922,0.9842984298429843,0.9892989298929893,0.9794979497949795,12,3794,11986,100,L12-3794,0.98
7697,Ferredoxin--NADP reductase type 2,10,9990,9,191,1,9799,461.7329842931937,4.2071894251089e-15,5.082284825531551e-12,0.9888238823882388,0.9770977097709771,0.9840984098409841,0.9700970097009701,12,3794,11986,100,L12-3794,0.98
204,"DNA methylase, N-6 adenine-specific, conserved site",13,9987,8,192,5,9795,81.625,2.63062459326325e-11,3.177794508662006e-08,0.9846984698469847,0.9755975597559756,0.9775977597759776,0.9726972697269727,12,3794,11986,100,L12-3794,0.98
1489,Quinate/shikimate 5-dehydrogenase/glutamyl-tRNA reductase,19,9981,8,192,11,9789,37.07954545454546,1.3933201510686404e-09,1.6831307424909176e-06,0.9742974297429743,0.960996099609961,0.9617961796179618,0.9607960796079608,12,3794,11986,100,L12-3794,0.98
10002,"Aminoacid dehydrogenase-like, N-terminal domain superfamily",30,9970,9,191,21,9779,21.94240837696335,4.2554202403681185e-09,5.1405476503646875e-06,0.9615461546154616,0.9371937193719372,0.9394939493949395,0.9296929692969297,12,3794,11986,100,L12-3794,0.98
9235,FAD/NAD(P)-binding domain superfamily,75,9925,12,188,63,9737,9.865248226950353,2.5517081528747035e-08,3.082463448672642e-05,0.9400940094009401,0.8735873587358736,0.8802880288028803,0.48644864486448647,12,3794,11986,100,L12-3794,0.98
8654,GroES-like superfamily,20,9980,6,194,14,9786,21.618556701030926,1.821820908738874e-06,0.0022007596577565598,0.6053605360536054,0.48644864486448647,0.48644864486448647,0.48644864486448647,12,3794,11986,100,L12-3794,0.98
9063,S-adenosyl-L-methionine-dependent methyltransferase superfamily,179,9821,129,71,50,9750,354.29577464788736,1.0946391574466153e-198,1.3223241021955112e-195,0.9902990299029903,0.9506950695069507,0.9690969096909691,0.8529852985298529,12,3536,11728,94,L12-3536,0.98
4433,Ribosomal RNA small subunit methyltransferase H,15,9985,15,185,0,9800,1637.819407008086,1.9332539622645866e-26,2.3353707864156205e-23,0.9972997299729973,0.9965996599659966,0.9966996699669967,0.9965996599659966,12,3536,11728,94,L12-3536,0.98
8930,"S-adenosyl-L-methionine-dependent methyltransferase, MraW, recognition domain superfamily",15,9985,15,185,0,9800,1637.819407008086,1.9332539622645866e-26,2.3353707864156205e-23,0.9972997299729973,0.9965996599659966,0.9966996699669967,0.9965996599659966,12,3536,11728,94,L12-3536,0.98
4488,"tRNA (guanine-N-7) methyltransferase, Trmb type",10,9990,10,190,0,9800,1080.3700787401576,8.183776315505496e-18,9.886001789130639e-15,0.9982498249824983,0.9965996599659966,0.9974997499749975,0.9956995699569957,12,3536,11728,94,L12-3536,0.98
8535,"tRNA (guanine-N(7)-)-methyltransferase TrmB, bacteria",10,9990,10,190,0,9800,1080.3700787401576,8.183776315505496e-18,9.886001789130639e-15,0.9982498249824983,0.9965996599659966,0.9974997499749975,0.9956995699569957,12,3536,11728,94,L12-3536,0.98
4535,rRNA small subunit methyltransferase G,10,9990,10,190,0,9800,1080.3700787401576,8.183776315505496e-18,9.886001789130639e-15,0.9943744374437444,0.9915991599159916,0.9915991599159916,0.9915991599159916,12,3536,11728,94,L12-3536,0.98
204,"DNA methylase, N-6 adenine-specific, conserved site",13,9987,11,189,2,9798,285.1269841269841,1.1723024046582727e-17,1.4161413048271935e-14,0.9942994299429943,0.9675967596759676,0.98009800980098,0.9492949294929492,12,3536,11728,94,L12-3536,0.98
1484,"D-isomer specific 2-hydroxyacid dehydrogenase, catalytic domain",10,9990,9,191,1,9799,461.7329842931937,4.2071894251089e-15,5.082284825531551e-12,0.9842984298429842,0.9716971697169717,0.9793979397939794,0.963996399639964,12,3536,11728,94,L12-3536,0.98
1485,"D-isomer specific 2-hydroxyacid dehydrogenase, NAD-binding domain",10,9990,9,191,1,9799,461.7329842931937,4.2071894251089e-15,5.082284825531551e-12,0.9842984298429842,0.9716971697169717,0.9793979397939794,0.963996399639964,12,3536,11728,94,L12-3536,0.98
949,SAM-dependent methyltransferase RsmB-F/NOP2-type domain,11,9989,8,192,3,9797,136.06944444444446,3.490771714905006e-12,4.2168522316052476e-09,0.9935993599359936,0.9604960496049605,0.9691969196919692,0.9517951795179518,12,3536,11728,94,L12-3536,0.98
3555,"SAM-dependent methyltransferase RsmB-F/NOP2-type, catalytic core",11,9989,8,192,3,9797,136.06944444444446,3.490771714905006e-12,4.2168522316052476e-09,0.9935993599359936,0.9604960496049605,0.9691969196919692,0.9517951795179518,12,3536,11728,94,L12-3536,0.98
6560,RNA (C5-cytosine) methyltransferase,11,9989,8,192,3,9797,136.06944444444446,3.490771714905006e-12,4.2168522316052476e-09,0.9935993599359936,0.9604960496049605,0.9691969196919692,0.9517951795179518,12,3536,11728,94,L12-3536,0.98
9278,NAD(P)-binding domain superfamily,206,9794,22,178,184,9616,6.459208597948217,1.1982814419411629e-10,1.4475239818649247e-07,0.9279427942794279,0.8023802380238024,0.8473847384738474,0.6345634563456346,12,3536,11728,94,L12-3536,0.98
8705,Ribonuclease H-like superfamily,68,9932,12,188,56,9744,11.106382978723403,8.04015475512454e-09,9.712506944190444e-06,0.7584758475847584,0.39083908390839084,0.41054105410541053,0.39083908390839084,12,3536,11728,94,L12-3536,0.98
353,"Peptidyl-tRNA hydrolase, conserved site",16,9984,7,193,9,9791,39.45710995970064,1.1320800366070375e-08,1.3675526842213012e-05,0.9793979397939794,0.9031903190319032,0.9094909490949095,0.8982898289828983,12,3536,11728,94,L12-3536,0.98
4042,Peptidyl-tRNA hydrolase,16,9984,7,193,9,9791,39.45710995970064,1.1320800366070375e-08,1.3675526842213012e-05,0.9793979397939794,0.9031903190319032,0.9094909490949095,0.8982898289828983,12,3536,11728,94,L12-3536,0.98
9340,Peptidyl-tRNA hydrolase superfamily,16,9984,7,193,9,9791,39.45710995970064,1.1320800366070375e-08,1.3675526842213012e-05,0.9793979397939794,0.9031903190319032,0.9094909490949095,0.8982898289828983,12,3536,11728,94,L12-3536,0.98
4879,Nicotinate/nicotinamide nucleotide adenylyltransferase,11,9989,5,195,6,9794,41.85470085470086,1.2754860735051818e-06,0.0015407871767942596,0.9750475047504751,0.915991599159916,0.9164916491649165,0.9155915591559156,12,3536,11728,94,L12-3536,0.98
1489,Quinate/shikimate 5-dehydrogenase/glutamyl-tRNA reductase,19,9981,6,194,13,9787,23.283901665344963,1.296774574809885e-06,0.0015665036863703411,0.9327932793279328,0.9066906690669067,0.9172917291729173,0.8861886188618862,12,3536,11728,94,L12-3536,0.98
10002,"Aminoacid dehydrogenase-like, N-terminal domain superfamily",30,9970,7,193,23,9777,15.417661635503494,1.588064508107327e-06,0.001918381925793651,0.967046704670467,0.8816881688168817,0.8940894089408941,0.8745874587458746,12,3536,11728,94,L12-3536,0.98
9328,Ribonuclease H superfamily,53,9947,8,192,45,9755,9.032407407407408,9.116152868711129e-06,0.011012312665403043,0.741974197419742,0.39083908390839084,0.4164416441644164,0.39083908390839084,12,3536,11728,94,L12-3536,0.98
8654,GroES-like superfamily,20,9980,5,195,15,9785,16.726495726495724,3.6954152011843657e-05,0.044640615630307134,0.5516051605160517,0.39083908390839084,0.39083908390839084,0.39083908390839084,12,3536,11728,94,L12-3536,0.98
8740,Aldolase-type TIM barrel,245,9755,148,52,97,9703,284.70340999206974,2.4495953297687525e-215,2.959111158360653e-212,0.9847984798479849,0.7933793379337933,0.8894889488948895,0.7237723772377238,12,2797,10989,89,L12-2797,0.98
8673,Ribulose-phosphate binding barrel,76,9924,72,128,4,9796,1377.5625,3.220940392761533e-123,3.890895994455932e-120,0.9956995699569957,0.9793979397939794,0.9832983298329833,0.9663966396639664,12,2797,10989,89,L12-2797,0.98
5086,Histidine biosynthesis protein,32,9968,32,168,0,9800,3780.6083086053413,3.280997740053898e-56,3.963445269985109e-53,0.9983498349834983,0.9965996599659966,0.996999699969997,0.9907990799079908,12,2797,10989,89,L12-2797,0.98
7440,"Histidine biosynthesis, HisA-like",18,9982,18,182,0,9800,1986.9506849315067,1.2100848882711583e-31,1.4617825450315593e-28,0.9988498849884988,0.9965996599659966,0.9978997899789979,0.9907990799079908,12,2797,10989,89,L12-2797,0.98
4268,DapA-like,19,9981,18,182,1,9799,969.1318681318683,2.2594474218168203e-30,2.729412485554719e-27,0.9910991099109911,0.9805980598059806,0.9807980798079808,0.9798979897989799,12,2797,10989,89,L12-2797,0.98
6510,HisA/PriA,17,9983,17,183,0,9800,1869.3051771117166,6.601244502519657e-30,7.974303359043745e-27,0.9988998899889989,0.9978997899789979,0.997999799979998,0.9976997699769977,12,2797,10989,89,L12-2797,0.98
62,"Schiff base-forming aldolase, active site",18,9982,17,183,1,9799,910.2896174863388,1.1676525673529285e-28,1.4105243013623377e-25,0.9911991199119912,0.9804980498049805,0.9807980798079808,0.9798979897989799,12,2797,10989,89,L12-2797,0.98
4887,"4-hydroxy-tetrahydrodipicolinate synthase, DapA",18,9982,17,183,1,9799,910.2896174863388,1.1676525673529285e-28,1.4105243013623377e-25,0.9911991199119912,0.9804980498049805,0.9807980798079808,0.9798979897989799,12,2797,10989,89,L12-2797,0.98
7667,Imidazole glycerol phosphate synthase HisA/HisF,15,9985,15,185,0,9800,1637.819407008086,1.9332539622645866e-26,2.3353707864156205e-23,0.9974997499749975,0.9957995799579958,0.9965996599659966,0.9945994599459946,12,2797,10989,89,L12-2797,0.98
65,"Triosephosphate isomerase, active site",15,9985,15,185,0,9800,1637.819407008086,1.9332539622645866e-26,2.3353707864156205e-23,0.988998899889989,0.9867986798679867,0.9876987698769877,0.9853985398539854,12,2797,10989,89,L12-2797,0.98
3866,Triosephosphate isomerase,15,9985,15,185,0,9800,1637.819407008086,1.9332539622645866e-26,2.3353707864156205e-23,0.988998899889989,0.9867986798679867,0.9876987698769877,0.9853985398539854,12,2797,10989,89,L12-2797,0.98
9142,Triosephosphate isomerase superfamily,15,9985,15,185,0,9800,1637.819407008086,1.9332539622645866e-26,2.3353707864156205e-23,0.988998899889989,0.9867986798679867,0.9876987698769877,0.9853985398539854,12,2797,10989,89,L12-2797,0.98
4784,"Histidine biosynthesis, HisF",14,9986,14,186,0,9800,1523.9383378016087,1.037928713288933e-24,1.253817885653031e-21,0.9975497549754975,0.9966996699669967,0.9968996899689969,0.9963996399639964,12,2797,10989,89,L12-2797,0.98
6454,"Triosephosphate isomerase, bacterial/eukaryotic",14,9986,14,186,0,9800,1523.9383378016087,1.037928713288933e-24,1.253817885653031e-21,0.9888988898889889,0.9866986698669867,0.9875987598759876,0.9853985398539854,12,2797,10989,89,L12-2797,0.98
5087,"HisA, bacterial",12,9988,12,188,0,9800,1299.8010610079575,2.9449752835206045e-21,3.55753014249289e-18,0.9988498849884988,0.9977997799779978,0.997999799979998,0.9976997699769977,12,2797,10989,89,L12-2797,0.98
189,"Dihydroorotate dehydrogenase, conserved site",12,9988,12,188,0,9800,1299.8010610079575,2.9449752835206045e-21,3.55753014249289e-18,0.9862986298629863,0.9828982898289829,0.9832983298329833,0.9825982598259826,12,2797,10989,89,L12-2797,0.98
510,"Schiff base-forming aldolase, conserved site",11,9989,11,189,0,9800,1189.5065963060686,1.556473973919964e-19,1.8802205604953166e-16,0.9920992099209921,0.9824982498249825,0.9842984298429843,0.9806980698069807,12,2797,10989,89,L12-2797,0.98
1422,"Dihydroorotate dehydrogenase, catalytic",11,9989,11,189,0,9800,1189.5065963060686,1.556473973919964e-19,1.8802205604953166e-16,0.9866986698669867,0.983998399839984,0.9848984898489849,0.9831983198319832,12,2797,10989,89,L12-2797,0.98
7676,Dihydroorotate dehydrogenase,11,9989,11,189,0,9800,1189.5065963060686,1.556473973919964e-19,1.8802205604953166e-16,0.9866986698669867,0.983998399839984,0.9848984898489849,0.9831983198319832,12,2797,10989,89,L12-2797,0.98
193,"Indole-3-glycerol phosphate synthase, conserved site",10,9990,10,190,0,9800,1080.3700787401576,8.183776315505496e-18,9.886001789130639e-15,0.9932493249324932,0.9904990499049905,0.9908990899089909,0.9900990099009901,12,2797,10989,89,L12-2797,0.98
7537,Indole-3-glycerol phosphate synthase,10,9990,10,190,0,9800,1080.3700787401576,8.183776315505496e-18,9.886001789130639e-15,0.9932493249324932,0.9904990499049905,0.9908990899089909,0.9900990099009901,12,2797,10989,89,L12-2797,0.98
960,Orotidine 5'-phosphate decarboxylase domain,13,9987,11,189,2,9798,285.1269841269841,1.1723024046582727e-17,1.4161413048271935e-14,0.9847984798479849,0.9710971097109711,0.9741974197419742,0.9692969296929693,12,2797,10989,89,L12-2797,0.98
2051,Indole-3-glycerol phosphate synthase domain,11,9989,10,190,1,9799,515.7368421052631,8.846506549664047e-17,1.0686579911994169e-13,0.993099309930993,0.9816981698169817,0.9900990099009901,0.9733973397339734,12,2797,10989,89,L12-2797,0.98
29,"Orotidine 5'-phosphate decarboxylase, active site",11,9989,10,190,1,9799,515.7368421052631,8.846506549664047e-17,1.0686579911994169e-13,0.984998499849985,0.9777977797779778,0.9832983298329833,0.9723972397239724,12,2797,10989,89,L12-2797,0.98
5909,Orotidine 5'-phosphate decarboxylase,11,9989,10,190,1,9799,515.7368421052631,8.846506549664047e-17,1.0686579911994169e-13,0.984998499849985,0.9777977797779778,0.9832983298329833,0.9723972397239724,12,2797,10989,89,L12-2797,0.98
4266,UDP-glucuronosyl/UDP-glucosyltransferase,14,9986,9,191,5,9795,92.30890052356021,7.85802878619408e-13,9.49249877372245e-10,0.9811981198119812,0.9641964196419642,0.9705970597059705,0.9567956795679567,12,2797,10989,89,L12-2797,0.98
623,"UDP-glycosyltransferase family, conserved site",12,9988,8,192,4,9796,102.04166666666666,1.0293513233504766e-11,1.2434563986073758e-08,0.9811981198119812,0.9725972597259726,0.9763976397639764,0.9681968196819682,12,2797,10989,89,L12-2797,0.98
9059,Alpha/Beta hydrolase fold,63,9937,11,189,52,9748,10.910459910459911,3.8621245263065386e-08,4.6654464277782985e-05,0.9685968596859686,0.8997899789978998,0.9394939493949395,0.8763876387638764,12,2797,10989,89,L12-2797,0.98
9048,Flavoprotein-like superfamily,14,9986,6,194,8,9792,37.855670103092784,1.5605315718222992e-07,0.00018851221387613374,0.9733473347334733,0.8755875587558756,0.9382938293829383,0.7592759275927593,12,2797,10989,89,L12-2797,0.98
4162,Small GTPase,16,9984,5,195,11,9789,22.818181818181817,1.1113094769641624e-05,0.013424618481727083,0.9631963196319632,0.9530953095309531,0.9571957195719571,0.9464946494649465,12,2797,10989,89,L12-2797,0.98
9559,Histidine kinase/HSP90-like ATPase superfamily,31,9969,30,170,1,9799,1729.2352941176473,3.460609731662886e-51,4.180416555848766e-48,0.9982998299829983,0.9923992399239924,0.9945994599459946,0.9761976197619762,16,1166,13454,123,L16-1166,0.98
8834,Acyl-CoA N-acyltransferase,25,9975,20,180,5,9795,217.66666666666666,1.9493321671548404e-30,2.3547932579230473e-27,0.9956995699569957,0.9591959195919592,0.962996299629963,0.9172917291729173,16,1166,13454,123,L16-1166,0.98
2108,Double-stranded RNA-binding domain,14,9986,13,187,1,9799,681.2139037433155,7.62555679853619e-22,9.211672612631717e-19,0.9876737673767377,0.7548754875487549,0.9833983398339834,0.6633663366336634,16,1166,13454,123,L16-1166,0.98
4130,"NADH:ubiquinone oxidoreductase, subunit 1/F420H2 oxidoreductase subunit H",12,9988,12,188,0,9800,1299.8010610079575,2.9449752835206045e-21,3.55753014249289e-18,0.9917491749174918,0.9842984298429843,0.9861986198619862,0.9822982298229823,16,1166,13454,123,L16-1166,0.98
331,"NADH:ubiquinone oxidoreductase, subunit 1, conserved site",11,9989,11,189,0,9800,1189.5065963060686,1.556473973919964e-19,1.8802205604953166e-16,0.9922992299229924,0.9852985298529853,0.9882988298829883,0.9822982298229823,16,1166,13454,123,L16-1166,0.98
823,Ribonuclease III domain,10,9990,10,190,0,9800,1080.3700787401576,8.183776315505496e-18,9.886001789130639e-15,0.9876737673767377,0.9836983698369837,0.9845984598459846,0.9827982798279828,16,1166,13454,123,L16-1166,0.98
5705,Ribonuclease III,10,9990,10,190,0,9800,1080.3700787401576,8.183776315505496e-18,9.886001789130639e-15,0.9876737673767377,0.9836983698369837,0.9845984598459846,0.9827982798279828,16,1166,13454,123,L16-1166,0.98
9321,"Ribonuclease III, endonuclease domain superfamily",10,9990,10,190,0,9800,1080.3700787401576,8.183776315505496e-18,9.886001789130639e-15,0.9876737673767377,0.9836983698369837,0.9845984598459846,0.9827982798279828,16,1166,13454,123,L16-1166,0.98
669,GNAT domain,12,9988,10,190,2,9798,257.8421052631579,5.216135227769166e-16,6.301091355145152e-13,0.9957995799579957,0.9704970497049705,0.972997299729973,0.9685968596859686,16,1166,13454,123,L16-1166,0.98
1687,4'-phosphopantetheinyl transferase domain,13,9987,10,190,3,9797,171.87719298245614,2.2212485185446966e-15,2.6832682104019936e-12,0.9936993699369937,0.8884888488848884,0.9651965196519652,0.7783778377837783,16,1166,13454,123,L16-1166,0.98
9664,4'-phosphopantetheinyl transferase domain superfamily,13,9987,10,190,3,9797,171.87719298245614,2.2212485185446966e-15,2.6832682104019936e-12,0.9936993699369937,0.8884888488848884,0.9651965196519652,0.7783778377837783,16,1166,13454,123,L16-1166,0.98
8865,Ribosomal protein uS5 domain 2-type superfamily,136,9864,20,180,116,9684,9.275862068965518,2.36180895437821e-12,2.8530652168888775e-09,0.6905190519051905,0.6633663366336634,0.6633663366336634,0.6633663366336634,16,1166,13454,123,L16-1166,0.98
8654,GroES-like superfamily,20,9980,7,193,13,9787,27.305300916699878,7.166646230891326e-08,8.657308646916721e-05,0.8088558855885588,0.6633663366336634,0.6633663366336634,0.6633663366336634,16,1166,13454,123,L16-1166,0.98
8575,HSP20-like chaperone,17,9983,6,194,11,9789,27.522961574507963,6.116326803950712e-07,0.000738852277917246,0.9758475847584759,0.8024802480248024,0.8306830683068307,0.7777777777777778,16,1166,13454,123,L16-1166,0.98
1133,"Tubulin/FtsZ, GTPase domain",12,9988,5,195,7,9793,35.87179487179487,2.1510818049508878e-06,0.0025985068203806722,0.9787978797879788,0.9734973497349735,0.9741974197419742,0.9728972897289729,16,1166,13454,123,L16-1166,0.98
2269,"Tubulin/FtsZ, 2-layer sandwich domain",12,9988,5,195,7,9793,35.87179487179487,2.1510818049508878e-06,0.0025985068203806722,0.9787978797879788,0.9734973497349735,0.9741974197419742,0.9728972897289729,16,1166,13454,123,L16-1166,0.98
8550,"Tubulin/FtsZ, C-terminal",12,9988,5,195,7,9793,35.87179487179487,2.1510818049508878e-06,0.0025985068203806722,0.9787978797879788,0.9734973497349735,0.9741974197419742,0.9728972897289729,16,1166,13454,123,L16-1166,0.98
488,"Endoribonuclease YbeY, conserved site",12,9988,5,195,7,9793,35.87179487179487,2.1510818049508878e-06,0.0025985068203806722,0.9744474447444744,0.9518951895189519,0.9588958895889589,0.9446944694469447,16,1166,13454,123,L16-1166,0.98
8642,CheY-like superfamily,12,9988,5,195,7,9793,35.87179487179487,2.1510818049508878e-06,0.0025985068203806722,0.9686968696869687,0.6633663366336634,0.7823782378237824,0.6633663366336634,16,1166,13454,123,L16-1166,0.98
9388,"Tubulin/FtsZ, GTPase domain superfamily",13,9987,5,195,8,9792,31.384615384615387,3.4388334566400844e-06,0.004154110815621222,0.9778977897789779,0.896989698969897,0.9730973097309731,0.7831783178317832,16,1166,13454,123,L16-1166,0.98
4225,Endoribonuclease YbeY,13,9987,5,195,8,9792,31.384615384615387,3.4388334566400844e-06,0.004154110815621222,0.9718971897189719,0.9525952595259526,0.95999599959996,0.9446944694469447,16,1166,13454,123,L16-1166,0.98
8875,"Metalloprotease catalytic domain superfamily, predicted",13,9987,5,195,8,9792,31.384615384615387,3.4388334566400844e-06,0.004154110815621222,0.9718971897189719,0.9525952595259526,0.95999599959996,0.9446944694469447,16,1166,13454,123,L16-1166,0.98
968,"Signal transduction response regulator, receiver domain",13,9987,5,195,8,9792,31.384615384615387,3.4388334566400844e-06,0.004154110815621222,0.9658965896589659,0.6633663366336634,0.798979897989799,0.6633663366336634,16,1166,13454,123,L16-1166,0.98
8548,"Phosphoenolpyruvate carboxykinase, N-terminal",10,9990,4,196,6,9794,33.31292517006803,2.9672647636528404e-05,0.03584455834492631,0.9705470547054706,0.9383938393839384,0.9392939293929393,0.9375937593759376,16,1166,13454,123,L16-1166,0.98
8720,"Phosphoenolpyruvate carboxykinase, C-terminal",10,9990,4,196,6,9794,33.31292517006803,2.9672647636528404e-05,0.03584455834492631,0.9705470547054706,0.9383938393839384,0.9392939293929393,0.9375937593759376,16,1166,13454,123,L16-1166,0.98
1284,"Mur ligase, C-terminal",25,9975,20,181,5,9794,216.44198895027623,2.1636772165400616e-30,2.6137220775803943e-27,0.9891989198919892,0.9631963196319632,0.9690969096909691,0.9392939293929393,8,2775,6871,57,L8-2775,0.98
1983,"Mur ligase, central",25,9975,20,181,5,9794,216.44198895027623,2.1636772165400616e-30,2.6137220775803943e-27,0.9891989198919892,0.9631963196319632,0.9690969096909691,0.9392939293929393,8,2775,6871,57,L8-2775,0.98
9402,"Mur-like, catalytic domain superfamily",26,9974,20,181,6,9793,180.3499079189687,9.213942515611875e-30,1.1130442558859145e-26,0.9887488748874887,0.9631963196319632,0.964996499649965,0.9392939293929393,8,2775,6871,57,L8-2775,0.98
9423,"Mur ligase, C-terminal domain superfamily",26,9974,20,181,6,9793,180.3499079189687,9.213942515611875e-30,1.1130442558859145e-26,0.9887488748874887,0.9631963196319632,0.964996499649965,0.9392939293929393,8,2775,6871,57,L8-2775,0.98
4213,Phosphopantetheine adenylyltransferase,18,9982,17,184,1,9798,905.25,1.2754107129032892e-28,1.5406961411871734e-25,0.9904990499049905,0.9853985398539854,0.986998699869987,0.976997699769977,8,2775,6871,57,L8-2775,0.98
1344,Cytidyltransferase-like domain,37,9963,19,182,18,9781,56.72741147741148,3.1436271394794365e-23,3.797501584491159e-20,0.981998199819982,0.9045904590459046,0.9256925692569257,0.8720872087208721,8,2775,6871,57,L8-2775,0.98
4101,Phosphoglycerate kinase,13,9987,13,188,0,9799,1403.6419098143238,5.926512134437742e-23,7.159226658400792e-20,0.9974997499749975,0.9934993499349934,0.9943994399439944,0.9924992499249925,8,2775,6871,57,L8-2775,0.98
8780,"Phosphoglycerate kinase, N-terminal",13,9987,13,188,0,9799,1403.6419098143238,5.926512134437742e-23,7.159226658400792e-20,0.9974997499749975,0.9934993499349934,0.9943994399439944,0.9924992499249925,8,2775,6871,57,L8-2775,0.98
9160,Phosphoglycerate kinase superfamily,13,9987,13,188,0,9799,1403.6419098143238,5.926512134437742e-23,7.159226658400792e-20,0.9974997499749975,0.9934993499349934,0.9943994399439944,0.9924992499249925,8,2775,6871,57,L8-2775,0.98
280,"Phosphoglycerate kinase, conserved site",10,9990,10,191,0,9799,1074.6187989556136,8.612246279668082e-18,1.0403593505839043e-14,0.9973997399739973,0.9931993199319932,0.993999399939994,0.9924992499249925,8,2775,6871,57,L8-2775,0.98
764,"Mur ligase, N-terminal catalytic domain",12,9988,10,191,2,9797,256.4659685863874,5.488214846388603e-16,6.629763534437432e-13,0.9874487448744875,0.9534953495349535,0.9667966796679668,0.9392939293929393,8,2775,6871,57,L8-2775,0.98
4507,4-hydroxy-3-methylbut-2-enyl diphosphate reductase,10,9990,9,192,1,9798,459.28125,4.403997730366521e-15,5.320029258282757e-12,0.9950995099509952,0.9822982298229823,0.9851985198519851,0.9794979497949795,8,2775,6871,57,L8-2775,0.98
5954,"Uridylate kinase, bacteria",10,9990,9,192,1,9798,459.28125,4.403997730366521e-15,5.320029258282757e-12,0.9858985898589858,0.9730973097309731,0.9806980698069807,0.9655965596559656,8,2775,6871,57,L8-2775,0.98
4988,UDP-N-acetylmuramoylalanine-D-glutamate ligase MurD,12,9988,9,192,3,9796,153.0625,9.356589939202332e-14,1.1302760646556417e-10,0.990999099909991,0.9694969496949695,0.9753975397539754,0.9626962696269626,8,2775,6871,57,L8-2775,0.98
5684,Uridylate kinase,13,9987,9,192,4,9795,114.78515625,2.9883115911936223e-13,3.6098804021618956e-10,0.9847484748474847,0.9424942494249425,0.9511951195119512,0.9348934893489349,8,2775,6871,57,L8-2775,0.98
895,SIS domain,14,9986,9,192,5,9794,91.81875,8.222606544108556e-13,9.932908705283136e-10,0.9893489348934894,0.9103910391039104,0.9284928492849285,0.907090709070907,8,2775,6871,57,L8-2775,0.98
992,"Tryptophan synthase beta chain-like, PALP domain",15,9985,9,192,6,9793,76.5078125,2.020113626511603e-12,2.4402972608260165e-09,0.9826982698269827,0.9488948894889488,0.9591959195919592,0.9271927192719271,8,2775,6871,57,L8-2775,0.98
9167,"Tryptophan synthase beta chain-like, PALP domain superfamily",15,9985,9,192,6,9793,76.5078125,2.020113626511603e-12,2.4402972608260165e-09,0.9826982698269827,0.9488948894889488,0.9591959195919592,0.9271927192719271,8,2775,6871,57,L8-2775,0.98
8760,Rossmann-like alpha/beta/alpha sandwich fold,261,9739,26,175,235,9564,6.04654103343465,1.1948768372783646e-11,1.4434112194322644e-08,0.7877787778777878,0.5566556655665567,0.5756575657565757,0.47864786478647864,8,2775,6871,57,L8-2775,0.98
2046,Thioredoxin domain,24,9976,10,191,14,9785,36.59311892296186,1.3215482132699004e-11,1.5964302416300398e-08,0.9758475847584758,0.7512751275127513,0.7992799279927992,0.7158715871587159,8,2775,6871,57,L8-2775,0.98
835,Aspartate/glutamate/uridylate kinase,35,9965,11,190,24,9775,23.580043859649123,4.504955857386409e-11,5.441986675722782e-08,0.9476447644764476,0.8682868286828683,0.9006900690069007,0.8635863586358636,8,2775,6871,57,L8-2775,0.98
9324,Acetylglutamate kinase-like superfamily,35,9965,11,190,24,9775,23.580043859649123,4.504955857386409e-11,5.441986675722782e-08,0.9476447644764476,0.8682868286828683,0.9006900690069007,0.8635863586358636,8,2775,6871,57,L8-2775,0.98
10004,SIS domain superfamily,26,9974,9,192,17,9782,26.972426470588236,1.041104743968676e-09,1.2576545307141606e-06,0.9336933693369337,0.770977097709771,0.7783778377837783,0.7606760676067607,8,2775,6871,57,L8-2775,0.98
4991,Uracil phosphoribosyl transferase,14,9986,7,194,7,9792,50.47422680412372,3.638357564543794e-09,4.395135937968903e-06,0.9793979397939794,0.9647964796479648,0.9656965696569657,0.9643964396439644,8,2775,6871,57,L8-2775,0.98
7126,"Uracil phosphoribosyltransferase, bacterial-type",14,9986,7,194,7,9792,50.47422680412372,3.638357564543794e-09,4.395135937968903e-06,0.9793979397939794,0.9647964796479648,0.9656965696569657,0.9643964396439644,8,2775,6871,57,L8-2775,0.98
787,Phosphoribosyltransferase domain,53,9947,11,190,42,9757,13.44949874686717,5.998942807272984e-09,7.246722911185765e-06,0.9692469246924692,0.892989298929893,0.9140914091409141,0.85998599859986,8,2775,6871,57,L8-2775,0.98
9058,Phosphoribosyltransferase-like,53,9947,11,190,42,9757,13.44949874686717,5.998942807272984e-09,7.246722911185765e-06,0.9692469246924692,0.892989298929893,0.9140914091409141,0.85998599859986,8,2775,6871,57,L8-2775,0.98
9256,Thioredoxin-like superfamily,45,9955,10,191,35,9764,14.605833956619296,1.4882968519536396e-08,1.7978625971599967e-05,0.9097409740974097,0.4077407740774077,0.5272527252725272,0.266026602660266,8,2775,6871,57,L8-2775,0.98
1841,Methylglyoxal synthase-like domain,11,9989,6,195,5,9794,60.27076923076923,2.6010964732159886e-08,3.142124539644914e-05,0.9955495549554956,0.9581958195819582,0.960996099609961,0.9551955195519551,8,2775,6871,57,L8-2775,0.98
9573,Methylglyoxal synthase-like domain superfamily,11,9989,6,195,5,9794,60.27076923076923,2.6010964732159886e-08,3.142124539644914e-05,0.9955495549554956,0.9581958195819582,0.960996099609961,0.9551955195519551,8,2775,6871,57,L8-2775,0.98
7657,Uracil phosphoribosyltransferase/Adenine phosphoribosyltransferase,26,9974,7,194,19,9780,18.5729788388497,5.680403040959984e-07,0.000686192687347966,0.9661216121612162,0.9116911691169117,0.9206920692069207,0.85998599859986,8,2775,6871,57,L8-2775,0.98
297,"Thioredoxin, conserved site",10,9990,4,197,6,9793,33.1404399323181,3.0260418576162932e-05,0.03655458564000482,0.9385688568856886,0.7311731173117312,0.7462746274627463,0.7158715871587159,8,2775,6871,57,L8-2775,0.98
4562,RNA methyltransferase RlmH,18,9982,17,183,1,9799,910.2896174863388,1.1676525673529285e-28,1.4105243013623377e-25,0.9951745174517452,0.8802880288028803,0.991899189918992,0.5083508350835083,8,2166,6262,53,L8-2166,0.98
5810,Large ribosomal subunit protein uL23-like,18,9982,16,184,2,9798,426.0,5.291825657641192e-26,6.392525394430559e-23,0.9902490249024902,0.9726972697269727,0.9798979897989799,0.9405940594059405,8,2166,6262,53,L8-2166,0.98
8719,Ribosomal protein uL23/eL15/eS24 core domain superfamily,19,9981,16,184,3,9797,283.9710144927536,3.2933528025914313e-25,3.978370185530449e-22,0.9894989498949895,0.9194919491949195,0.9707970797079708,0.7302730273027302,8,2166,6262,53,L8-2166,0.98
472,"Large ribosomal subunit protein uL3, conserved site",15,9985,14,186,1,9799,737.5591397849462,1.5298275144616965e-23,1.8480316374697295e-20,0.9960996099609961,0.9640964096409641,0.9893989398939894,0.9097909790979097,8,2166,6262,53,L8-2166,0.98
6252,"Large ribosomal subunit protein uL3, bacterial/organelle-type",15,9985,14,186,1,9799,737.5591397849462,1.5298275144616965e-23,1.8480316374697295e-20,0.9960996099609961,0.9838983898389839,0.9893989398939894,0.9750975097509751,8,2166,6262,53,L8-2166,0.98
3852,Large ribosomal subunit protein uL3,16,9984,14,186,2,9798,368.741935483871,1.2025856659222584e-22,1.452723484434088e-19,0.9960496049604961,0.9586958695869587,0.9813981398139814,0.9097909790979097,8,2166,6262,53,L8-2166,0.98
9039,"tRNA (guanine-N1-)-methyltransferase, N-terminal",39,9961,18,182,21,9779,46.05494505494506,5.232768580979418e-21,6.321184445823137e-18,0.9614961496149615,0.5083508350835083,0.5341534153415342,0.5083508350835083,8,2166,6262,53,L8-2166,0.98
9040,Alpha/beta knot methyltransferases,39,9961,18,182,21,9779,46.05494505494506,5.232768580979418e-21,6.321184445823137e-18,0.9614961496149615,0.5083508350835083,0.5341534153415342,0.5083508350835083,8,2166,6262,53,L8-2166,0.98
5007,Large ribosomal subunit protein uL13,13,9987,12,188,1,9799,625.4680851063829,3.7619494040230964e-20,4.5444348800599004e-17,0.9951995199519952,0.9824982498249825,0.9896989698969897,0.9726972697269727,8,2166,6262,53,L8-2166,0.98
5008,"Large ribosomal subunit protein uL13, bacterial-type",13,9987,12,188,1,9799,625.4680851063829,3.7619494040230964e-20,4.5444348800599004e-17,0.9951995199519952,0.9824982498249825,0.9896989698969897,0.9726972697269727,8,2166,6262,53,L8-2166,0.98
9565,Large ribosomal subunit protein uL13 superfamily,13,9987,12,188,1,9799,625.4680851063829,3.7619494040230964e-20,4.5444348800599004e-17,0.9951995199519952,0.9824982498249825,0.9896989698969897,0.9726972697269727,8,2166,6262,53,L8-2166,0.98
2729,"Large ribosomal subunit protein uL5, C-terminal",10,9990,10,190,0,9800,1080.3700787401576,8.183776315505496e-18,9.886001789130639e-15,0.9993499349934993,0.997999799979998,0.9981998199819982,0.9978997899789979,8,2166,6262,53,L8-2166,0.98
2730,"Large ribosomal subunit protein uL5, N-terminal",10,9990,10,190,0,9800,1080.3700787401576,8.183776315505496e-18,9.886001789130639e-15,0.9993499349934993,0.997999799979998,0.9981998199819982,0.9978997899789979,8,2166,6262,53,L8-2166,0.98
4244,Large ribosomal subunit protein uL5,10,9990,10,190,0,9800,1080.3700787401576,8.183776315505496e-18,9.886001789130639e-15,0.9993499349934993,0.997999799979998,0.9981998199819982,0.9978997899789979,8,2166,6262,53,L8-2166,0.98
185,"Large ribosomal subunit protein uL23, conserved site",11,9989,10,190,1,9799,515.7368421052631,8.846506549664047e-17,1.0686579911994169e-13,0.9886988698869887,0.9605960596059606,0.9806980698069807,0.9405940594059405,8,2166,6262,53,L8-2166,0.98
8718,Nucleotide-binding alpha-beta plait domain superfamily,47,9953,16,184,31,9769,27.402524544179524,3.1293367997031207e-16,3.78023885404137e-13,0.8833883388338833,0.5083508350835083,0.5083508350835083,0.5083508350835083,8,2166,6262,53,L8-2166,0.98
8872,Large ribosomal subunit protein uL5 domain superfamily,12,9988,10,190,2,9798,257.8421052631579,5.216135227769166e-16,6.301091355145152e-13,0.9991499149914991,0.5502550255025502,0.812981298129813,0.5083508350835083,8,2166,6262,53,L8-2166,0.98
3738,Ribonuclease P,12,9988,9,191,3,9797,153.87958115183247,8.94009556051255e-14,1.079963543709916e-10,0.9898989898989898,0.9688968896889689,0.9747974797479748,0.9622962296229624,8,2166,6262,53,L8-2166,0.98
187,"Large ribosomal subunit protein uL15, conserved site",12,9988,9,191,3,9797,153.87958115183247,8.94009556051255e-14,1.079963543709916e-10,0.9846484648464846,0.9613961396139614,0.9666966696669667,0.9550955095509551,8,2166,6262,53,L8-2166,0.98
4979,"Large ribosomal subunit protein uL14, bacterial-type",27,9973,11,189,16,9784,35.58994708994709,1.5339211711467252e-12,1.852976774745244e-09,0.9776477647764776,0.5083508350835083,0.9498949894989499,0.5083508350835083,8,2166,6262,53,L8-2166,0.98
3766,Large ribosomal subunit protein uL14,28,9972,11,189,17,9783,33.49299719887955,2.4826629116203733e-12,2.999056797237411e-09,0.9767726772677268,0.5083508350835083,0.9455945594559456,0.5083508350835083,8,2166,6262,53,L8-2166,0.98
9531,Large ribosomal subunit protein uL14 superfamily,28,9972,11,189,17,9783,33.49299719887955,2.4826629116203733e-12,2.999056797237411e-09,0.9767726772677268,0.5083508350835083,0.9455945594559456,0.5083508350835083,8,2166,6262,53,L8-2166,0.98
4983,"Large ribosomal subunit protein uL15, bacterial-type",16,9984,9,191,7,9793,65.92146596858639,4.33718861940583e-12,5.239323852242242e-09,0.9819481948194819,0.6047604760476047,0.7821782178217822,0.5083508350835083,8,2166,6262,53,L8-2166,0.98
2404,Large ribosomal subunit protein uL15/eL18,17,9983,9,191,8,9792,57.675392670157066,9.058048272288039e-12,1.0942122312923952e-08,0.9814981498149815,0.628062806280628,0.7943794379437944,0.5083508350835083,8,2166,6262,53,L8-2166,0.98
7023,Large ribosomal subunit protein uL15,17,9983,9,191,8,9792,57.675392670157066,9.058048272288039e-12,1.0942122312923952e-08,0.9814981498149815,0.628062806280628,0.7943794379437944,0.5083508350835083,8,2166,6262,53,L8-2166,0.98
6341,"Large ribosomal subunit protein uL5, bacterial-type",18,9982,9,191,9,9791,51.261780104712045,1.7804619457273456e-11,2.1507980304386335e-08,0.9854485448544854,0.6957695769576958,0.8784878487848785,0.5083508350835083,8,2166,6262,53,L8-2166,0.98
9251,Large ribosomal subunit protein uL15/eL18 superfamily,18,9982,9,191,9,9791,51.261780104712045,1.7804619457273456e-11,2.1507980304386335e-08,0.9745224522452245,0.5083508350835083,0.5813581358135813,0.5083508350835083,8,2166,6262,53,L8-2166,0.98
474,"Large ribosomal subunit protein uL14, conserved site",25,9975,10,190,15,9785,34.333333333333336,2.059505216319035e-11,2.487882301313394e-08,0.9776477647764776,0.9488948894889488,0.9524952495249525,0.5083508350835083,8,2166,6262,53,L8-2166,0.98
8587,"Translation protein, beta-barrel domain superfamily",106,9894,15,185,91,9709,8.650727650727651,2.5407870433551983e-09,3.0692707483730797e-06,0.6018851885188519,0.5083508350835083,0.5083508350835083,0.5083508350835083,8,2166,6262,53,L8-2166,0.98
426,"Dehydroquinase, class II, conserved site",11,9989,6,194,5,9795,60.587628865979376,2.5245511326744527e-08,3.049657768270739e-05,0.9807980798079808,0.6077607760776078,0.9611961196119612,0.5083508350835083,8,2166,6262,53,L8-2166,0.98
4182,"Dehydroquinase, class II",11,9989,6,194,5,9795,60.587628865979376,2.5245511326744527e-08,3.049657768270739e-05,0.9807980798079808,0.6077607760776078,0.9611961196119612,0.5083508350835083,8,2166,6262,53,L8-2166,0.98
9355,"Dehydroquinase, class II superfamily",11,9989,6,194,5,9795,60.587628865979376,2.5245511326744527e-08,3.049657768270739e-05,0.9807980798079808,0.6077607760776078,0.9611961196119612,0.5083508350835083,8,2166,6262,53,L8-2166,0.98
491,"2-C-methyl-D-erythritol 2,4-cyclodiphosphate synthase, conserved site",12,9988,6,194,6,9794,50.48453608247423,4.9652049481193924e-08,5.997967577328226e-05,0.9807480748074807,0.5083508350835083,0.6887688768876887,0.5083508350835083,8,2166,6262,53,L8-2166,0.98
1201,"2-C-methyl-D-erythritol 2,4-cyclodiphosphate synthase",12,9988,6,194,6,9794,50.48453608247423,4.9652049481193924e-08,5.997967577328226e-05,0.9807480748074807,0.5083508350835083,0.6887688768876887,0.5083508350835083,8,2166,6262,53,L8-2166,0.98
9405,"2-C-methyl-D-erythritol 2,4-cyclodiphosphate synthase superfamily",12,9988,6,194,6,9794,50.48453608247423,4.9652049481193924e-08,5.997967577328226e-05,0.9807480748074807,0.5083508350835083,0.6887688768876887,0.5083508350835083,8,2166,6262,53,L8-2166,0.98
3774,Ribosome-binding factor A,12,9988,5,195,7,9793,35.87179487179487,2.1510818049508878e-06,0.0025985068203806722,0.966921692169217,0.5083508350835083,0.5083508350835083,0.5083508350835083,8,2166,6262,53,L8-2166,0.98
8956,Ribosome-binding factor A domain superfamily,12,9988,5,195,7,9793,35.87179487179487,2.1510818049508878e-06,0.0025985068203806722,0.966921692169217,0.5083508350835083,0.5083508350835083,0.5083508350835083,8,2166,6262,53,L8-2166,0.98
2373,"DNA recombination and repair protein RecA-like, ATP-binding domain",16,9984,16,184,0,9800,1752.9349593495936,3.581892669193275e-28,4.326926344385477e-25,0.9976997699769977,0.9870987098709871,0.9920992099209921,0.983998399839984,12,2472,10664,83,L12-2472,0.98
2372,"DNA recombination and repair protein RecA, monomer-monomer interface",14,9986,14,186,0,9800,1523.9383378016087,1.037928713288933e-24,1.253817885653031e-21,0.9978497849784979,0.9963996399639964,0.9965996599659966,0.9962996299629963,12,2472,10664,83,L12-2472,0.98
714,"DNA mismatch repair protein MutS, C-terminal",21,9979,16,184,5,9795,170.34782608695653,6.678171403943778e-24,8.067231055964084e-21,0.9833983398339834,0.9744974497449745,0.9762976297629763,0.9655965596559656,12,2472,10664,83,L12-2472,0.98
1645,"DNA mismatch repair protein MutS, core",21,9979,16,184,5,9795,170.34782608695653,6.678171403943778e-24,8.067231055964084e-21,0.9833983398339834,0.9744974497449745,0.9762976297629763,0.9655965596559656,12,2472,10664,83,L12-2472,0.98
7509,DNA mismatch repair MutS,21,9979,16,184,5,9795,170.34782608695653,6.678171403943778e-24,8.067231055964084e-21,0.9833983398339834,0.9744974497449745,0.9762976297629763,0.9655965596559656,12,2472,10664,83,L12-2472,0.98
9234,"DNA mismatch repair protein MutS, core domain superfamily",21,9979,16,184,5,9795,170.34782608695653,6.678171403943778e-24,8.067231055964084e-21,0.9833983398339834,0.9744974497449745,0.9762976297629763,0.9655965596559656,12,2472,10664,83,L12-2472,0.98
9005,P-loop containing nucleoside triphosphate hydrolase,652,9348,57,143,595,9205,6.166598107774579,2.0128627409010382e-22,2.4315381910084543e-19,0.7479247924792479,0.7263726372637264,0.7263726372637264,0.7263726372637264,12,2472,10664,83,L12-2472,0.98
3527,"RecA-like, C-terminal",12,9988,12,188,0,9800,1299.8010610079575,2.9449752835206045e-21,3.55753014249289e-18,0.997949794979498,0.9963996399639964,0.9964996499649965,0.9962996299629963,12,2472,10664,83,L12-2472,0.98
3545,"RecA-like, N-terminal",12,9988,12,188,0,9800,1299.8010610079575,2.9449752835206045e-21,3.55753014249289e-18,0.997949794979498,0.9963996399639964,0.9964996499649965,0.9962996299629963,12,2472,10664,83,L12-2472,0.98
5846,DNA recombination and repair protein RecA,12,9988,12,188,0,9800,1299.8010610079575,2.9449752835206045e-21,3.55753014249289e-18,0.997949794979498,0.9963996399639964,0.9964996499649965,0.9962996299629963,12,2472,10664,83,L12-2472,0.98
8932,"DNA recombination and repair protein RecA, C-terminal, superfamily",12,9988,12,188,0,9800,1299.8010610079575,2.9449752835206045e-21,3.55753014249289e-18,0.997949794979498,0.9963996399639964,0.9964996499649965,0.9962996299629963,12,2472,10664,83,L12-2472,0.98
9452,"MutS, connector domain superfamily",17,9983,13,187,4,9796,170.25133689839572,1.2298949913666482e-19,1.485713149570911e-16,0.9842984298429843,0.9740974097409741,0.9762976297629763,0.9655965596559656,12,2472,10664,83,L12-2472,0.98
3852,Large ribosomal subunit protein uL3,16,9984,12,188,4,9796,156.31914893617022,4.996954523480811e-18,6.0363210643648195e-15,0.9922492249224922,0.9550955095509551,0.9626962696269626,0.9412941294129413,12,2472,10664,83,L12-2472,0.98
1658,"DNA mismatch repair protein MutS, connector domain",16,9984,12,188,4,9796,156.31914893617022,4.996954523480811e-18,6.0363210643648195e-15,0.9836983698369837,0.9735973597359736,0.9762976297629763,0.9655965596559656,12,2472,10664,83,L12-2472,0.98
1659,"DNA mismatch repair protein MutS, clamp",16,9984,12,188,4,9796,156.31914893617022,4.996954523480811e-18,6.0363210643648195e-15,0.9836983698369837,0.9735973597359736,0.9762976297629763,0.9655965596559656,12,2472,10664,83,L12-2472,0.98
6076,DNA mismatch repair protein MutS/MSH,16,9984,12,188,4,9796,156.31914893617022,4.996954523480811e-18,6.0363210643648195e-15,0.9836983698369837,0.9735973597359736,0.9762976297629763,0.9655965596559656,12,2472,10664,83,L12-2472,0.98
499,"DNA recombination/repair protein RecA, conserved site",10,9990,10,190,0,9800,1080.3700787401576,8.183776315505496e-18,9.886001789130639e-15,0.997949794979498,0.9962996299629963,0.9963996399639964,0.9962996299629963,12,2472,10664,83,L12-2472,0.98
472,"Large ribosomal subunit protein uL3, conserved site",15,9985,11,189,4,9796,142.53439153439155,1.9809880691654435e-16,2.3930335875518557e-13,0.991999199919992,0.9541954195419542,0.9620962096209621,0.9412941294129413,12,2472,10664,83,L12-2472,0.98
6252,"Large ribosomal subunit protein uL3, bacterial/organelle-type",15,9985,11,189,4,9796,142.53439153439155,1.9809880691654435e-16,2.3930335875518557e-13,0.991999199919992,0.9541954195419542,0.9620962096209621,0.9412941294129413,12,2472,10664,83,L12-2472,0.98
1644,"DNA mismatch repair protein MutS-like, N-terminal",15,9985,11,189,4,9796,142.53439153439155,1.9809880691654435e-16,2.3930335875518557e-13,0.9830983098309831,0.972997299729973,0.9762976297629763,0.9655965596559656,12,2472,10664,83,L12-2472,0.98
4982,DNA mismatch repair protein MutS,15,9985,11,189,4,9796,142.53439153439155,1.9809880691654435e-16,2.3930335875518557e-13,0.9830983098309831,0.972997299729973,0.9762976297629763,0.9655965596559656,12,2472,10664,83,L12-2472,0.98
8819,"DNA mismatch repair protein MutS, N-terminal",15,9985,11,189,4,9796,142.53439153439155,1.9809880691654435e-16,2.3930335875518557e-13,0.9830983098309831,0.972997299729973,0.9762976297629763,0.9655965596559656,12,2472,10664,83,L12-2472,0.98
4983,"Large ribosomal subunit protein uL15, bacterial-type",16,9984,11,189,5,9795,114.01587301587303,6.229228821812838e-16,7.524908416749908e-13,0.9833233323332333,0.9521952195219522,0.9621962196219622,0.9448944894489449,12,2472,10664,83,L12-2472,0.98
9029,Inosine triphosphate pyrophosphatase-like,17,9983,11,189,6,9794,95.00352733686067,1.7343416367801404e-15,2.0950846972304094e-12,0.9896989698969897,0.9091909190919092,0.9445944594459446,0.8993899389938994,12,2472,10664,83,L12-2472,0.98
2404,Large ribosomal subunit protein uL15/eL18,17,9983,11,189,6,9794,95.00352733686067,1.7343416367801404e-15,2.0950846972304094e-12,0.9815481548154815,0.9490949094909491,0.9636963696369637,0.9264926492649265,12,2472,10664,83,L12-2472,0.98
7023,Large ribosomal subunit protein uL15,17,9983,11,189,6,9794,95.00352733686067,1.7343416367801404e-15,2.0950846972304094e-12,0.9815481548154815,0.9525952595259526,0.9636963696369637,0.9448944894489449,12,2472,10664,83,L12-2472,0.98
9251,Large ribosomal subunit protein uL15/eL18 superfamily,18,9982,11,189,7,9793,81.42328042328042,4.3824004768539875e-15,5.293939776039617e-12,0.9815481548154815,0.941994199419942,0.9516951695169517,0.9264926492649265,12,2472,10664,83,L12-2472,0.98
4545,Nucleoside triphosphate pyrophosphatase Maf-like protein,12,9988,9,191,3,9797,153.87958115183247,8.94009556051255e-14,1.079963543709916e-10,0.991049104910491,0.9446944694469447,0.9721972197219722,0.9117911791179117,12,2472,10664,83,L12-2472,0.98
187,"Large ribosomal subunit protein uL15, conserved site",12,9988,9,191,3,9797,153.87958115183247,8.94009556051255e-14,1.079963543709916e-10,0.9833233323332333,0.972997299729973,0.975997599759976,0.9696969696969697,12,2472,10664,83,L12-2472,0.98
4162,Small GTPase,16,9984,9,191,7,9793,65.92146596858639,4.33718861940583e-12,5.239323852242242e-09,0.982948294829483,0.9657965796579658,0.968996899689969,0.9595959595959596,12,2472,10664,83,L12-2472,0.98
3789,Small ribosomal subunit protein bS16,11,9989,6,194,5,9795,60.587628865979376,2.5245511326744527e-08,3.049657768270739e-05,0.9817981798179818,0.9415941594159416,0.9495949594959496,0.9336933693369337,12,2472,10664,83,L12-2472,0.98
8957,Small ribosomal subunit protein bS16 domain superfamily,11,9989,6,194,5,9795,60.587628865979376,2.5245511326744527e-08,3.049657768270739e-05,0.9817981798179818,0.9415941594159416,0.9495949594959496,0.9336933693369337,12,2472,10664,83,L12-2472,0.98
1206,AAA+ ATPase domain,175,9825,17,183,158,9642,5.6690184685619425,7.07823053924062e-08,8.550502491402668e-05,0.7775777577757775,0.7263726372637264,0.7263726372637264,0.7263726372637264,12,2472,10664,83,L12-2472,0.98
8587,"Translation protein, beta-barrel domain superfamily",106,9894,12,188,94,9706,6.590765052059755,1.2497909765510042e-06,0.0015097474996736131,0.7294229422942293,0.7263726372637264,0.7263726372637264,0.7263726372637264,12,2472,10664,83,L12-2472,0.98
9559,Histidine kinase/HSP90-like ATPase superfamily,31,9969,7,193,24,9776,14.773747841105354,2.016740284493395e-06,0.0024362222636680215,0.3631863186318632,0.7263726372637264,0.7263726372637264,0.7263726372637264,12,2472,10664,83,L12-2472,0.98
8757,"Large ribosomal subunit protein uL2, domain 2",45,9955,7,193,38,9762,9.317425688573765,2.7455511217298237e-05,0.03316625755049627,0.8304830483048304,0.7263726372637264,0.7263726372637264,0.7263726372637264,12,2472,10664,83,L12-2472,0.98
9559,Histidine kinase/HSP90-like ATPase superfamily,31,9969,19,181,12,9788,85.62246777163904,2.52737012529401e-25,3.053063111355164e-22,0.9975997599759976,0.6977697769776978,0.7234723472347234,0.6020602060206021,12,1082,9274,70,L12-1082,0.98
2353,"Pseudouridine synthase I, TruA, alpha/beta domain",15,9985,14,186,1,9799,737.5591397849462,1.5298275144616965e-23,1.8480316374697295e-20,0.9935993599359936,0.9788978897889788,0.9825982598259826,0.9748974897489749,12,1082,9274,70,L12-1082,0.98
4067,"Pseudouridine synthase I, TruA",15,9985,14,186,1,9799,737.5591397849462,1.5298275144616965e-23,1.8480316374697295e-20,0.9935993599359936,0.9788978897889788,0.9825982598259826,0.9748974897489749,12,1082,9274,70,L12-1082,0.98
8863,"Pseudouridine synthase I, TruA, C-terminal",15,9985,14,186,1,9799,737.5591397849462,1.5298275144616965e-23,1.8480316374697295e-20,0.9935993599359936,0.9788978897889788,0.9825982598259826,0.9748974897489749,12,1082,9274,70,L12-1082,0.98
8862,"Pseudouridine synthase TruA/RsuA/RluB/E/F, N-terminal",17,9983,14,186,3,9797,245.80286738351256,6.696180407394866e-22,8.088985932132998e-19,0.9934993499349934,0.6174617461746175,0.8635863586358636,0.6020602060206021,12,1082,9274,70,L12-1082,0.98
576,"Large ribosomal subunit protein uL1, conserved site",13,9987,12,188,1,9799,625.4680851063829,3.7619494040230964e-20,4.5444348800599004e-17,0.9938993899389938,0.9776977697769776,0.9813981398139814,0.9741974197419742,12,1082,9274,70,L12-1082,0.98
4248,Large ribosomal subunit protein uL1,13,9987,12,188,1,9799,625.4680851063829,3.7619494040230964e-20,4.5444348800599004e-17,0.9938993899389938,0.9776977697769776,0.9813981398139814,0.9741974197419742,12,1082,9274,70,L12-1082,0.98
6938,Ribosomal protein uL1/ribosomal biogenesis protein,13,9987,12,188,1,9799,625.4680851063829,3.7619494040230964e-20,4.5444348800599004e-17,0.9938993899389938,0.9776977697769776,0.9813981398139814,0.9741974197419742,12,1082,9274,70,L12-1082,0.98
8806,"Large ribosomal subunit protein uL1, 3-layer alpha/beta-sandwich domain",13,9987,12,188,1,9799,625.4680851063829,3.7619494040230964e-20,4.5444348800599004e-17,0.9938993899389938,0.9776977697769776,0.9813981398139814,0.9741974197419742,12,1082,9274,70,L12-1082,0.98
8953,Ribosomal protein uL1-like,13,9987,12,188,1,9799,625.4680851063829,3.7619494040230964e-20,4.5444348800599004e-17,0.9938993899389938,0.9776977697769776,0.9813981398139814,0.9741974197419742,12,1082,9274,70,L12-1082,0.98
5025,"Large ribosomal subunit protein uL1, bacterial-type",12,9988,11,189,1,9799,570.3121693121693,1.8353740405852302e-18,2.217131841026958e-15,0.993949394939494,0.9773977397739774,0.980998099809981,0.9741974197419742,12,1082,9274,70,L12-1082,0.98
9060,PIN-like domain superfamily,11,9989,10,190,1,9799,515.7368421052631,8.846506549664047e-17,1.0686579911994169e-13,0.9973997399739974,0.9023902390239024,0.9915991599159916,0.8133813381338134,12,1082,9274,70,L12-1082,0.98
6485,GMP synthase,13,9987,10,190,3,9797,171.87719298245614,2.2212485185446966e-15,2.6832682104019936e-12,0.9887488748874887,0.9673967396739674,0.9737973797379738,0.95999599959996,12,1082,9274,70,L12-1082,0.98
8864,"Pseudouridine synthase, catalytic domain superfamily",37,9963,14,186,23,9777,31.995792426367462,4.234479198351949e-15,5.115250871609154e-12,0.9057405740574057,0.6020602060206021,0.6020602060206021,0.6020602060206021,12,1082,9274,70,L12-1082,0.98
947,"GMP synthase, C-terminal",14,9986,10,190,4,9796,128.89473684210526,7.639973178001498e-15,9.229087599025809e-12,0.9884238423842384,0.967996799679968,0.9726972697269727,0.95999599959996,12,1082,9274,70,L12-1082,0.98
1343,"GMP synthase, glutamine amidotransferase",14,9986,10,190,4,9796,128.89473684210526,7.639973178001498e-15,9.229087599025809e-12,0.9884238423842384,0.967996799679968,0.9726972697269727,0.95999599959996,12,1082,9274,70,L12-1082,0.98
2595,GMP synthetase ATP pyrophosphatase domain,14,9986,10,190,4,9796,128.89473684210526,7.639973178001498e-15,9.229087599025809e-12,0.9884238423842384,0.967996799679968,0.9726972697269727,0.95999599959996,12,1082,9274,70,L12-1082,0.98
883,"Serine proteases, trypsin domain",10,9990,8,192,2,9798,204.125,9.68567885187448e-13,1.1700300053064372e-09,0.9844984498449845,0.8326832683268327,0.9142914291429143,0.7510751075107511,12,1082,9274,70,L12-1082,0.98
4040,"Peptidase S1A, chymotrypsin family",10,9990,8,192,2,9798,204.125,9.68567885187448e-13,1.1700300053064372e-09,0.9844984498449845,0.8326832683268327,0.9142914291429143,0.7510751075107511,12,1082,9274,70,L12-1082,0.98
8589,"Peptidase S1, PA clan",15,9985,9,191,6,9794,76.91623036649214,1.9307216136682636e-12,2.3323117093112623e-09,0.9826982698269827,0.8211821182118212,0.8707870787078708,0.7510751075107511,12,1082,9274,70,L12-1082,0.98
9967,"Peptidase S1, PA clan, chymotrypsin-like fold",11,9989,8,192,3,9797,136.06944444444446,3.490771714905006e-12,4.2168522316052476e-09,0.9830983098309831,0.9162916291629163,0.9324932493249325,0.9000900090009001,12,1082,9274,70,L12-1082,0.98
2246,Glutamine amidotransferase,27,9973,10,190,17,9783,30.287925696594428,5.1332875790850385e-11,6.201011395534727e-08,0.95999599959996,0.6020602060206021,0.6020602060206021,0.6020602060206021,12,1082,9274,70,L12-1082,0.98
1002,Enolpyruvate transferase domain,15,9985,8,192,7,9793,58.291666666666664,1.2707953959434335e-10,1.5351208382996676e-07,0.9805980598059806,0.942994299429943,0.9542954295429543,0.9332933293329333,12,1082,9274,70,L12-1082,0.98
9606,Enolpyruvate transferase domain superfamily,15,9985,8,192,7,9793,58.291666666666664,1.2707953959434335e-10,1.5351208382996676e-07,0.9805980598059806,0.942994299429943,0.9542954295429543,0.9332933293329333,12,1082,9274,70,L12-1082,0.98
8741,"RNA 3'-terminal phosphate cyclase/enolpyruvate transferase, alpha/beta",16,9984,8,192,8,9792,51.0,2.498218905692808e-10,3.017848438076912e-07,0.9801480148014801,0.8821882188218821,0.9401940194019401,0.729072907290729,12,1082,9274,70,L12-1082,0.98
2441,NAD/GMP synthase,18,9982,8,192,10,9790,40.79166666666667,8.206578551340753e-10,9.91354689001963e-07,0.9768476847684768,0.6043604360436043,0.7886788678867886,0.6020602060206021,12,1082,9274,70,L12-1082,0.98
8865,Ribosomal protein uS5 domain 2-type superfamily,136,9864,16,184,120,9680,7.0144927536231885,1.1429927409699254e-08,1.3807352310916699e-05,0.6347134713471347,0.6020602060206021,0.6020602060206021,0.6020602060206021,12,1082,9274,70,L12-1082,0.98
9049,"Glycine cleavage T-protein/YgfZ, C-terminal",10,9990,6,194,4,9796,75.74226804123711,1.1669183350979782e-08,1.4096373487983578e-05,0.9835483548354835,0.874987498749875,0.9143914391439144,0.8356835683568357,12,1082,9274,70,L12-1082,0.98
9062,Class I glutamine amidotransferase-like,45,9955,10,190,35,9765,14.684210526315788,1.4188263180942019e-08,1.713942192257796e-05,0.6215621562156216,0.6020602060206021,0.6020602060206021,0.6020602060206021,12,1082,9274,70,L12-1082,0.98
1507,"Aminomethyltransferase, folate-binding domain",11,9989,6,194,5,9795,60.587628865979376,2.5245511326744527e-08,3.049657768270739e-05,0.9825982598259826,0.7910791079107911,0.8356835683568357,0.7465746574657466,12,1082,9274,70,L12-1082,0.98
8712,Ferritin-like,12,9988,6,194,6,9794,50.48453608247423,4.9652049481193924e-08,5.997967577328226e-05,0.9796479647964796,0.6020602060206021,0.6020602060206021,0.6020602060206021,12,1082,9274,70,L12-1082,0.98
623,"UDP-glycosyltransferase family, conserved site",12,9988,5,195,7,9793,35.87179487179487,2.1510818049508878e-06,0.0025985068203806722,0.9740474047404741,0.9558955895589559,0.9575957595759576,0.9553955395539554,12,1082,9274,70,L12-1082,0.98
8987,Aminomethyltransferase superfamily,23,9977,6,194,17,9783,17.79805942995755,4.512793881378765e-06,0.005451455008705548,0.6335633563356335,0.6020602060206021,0.6020602060206021,0.6020602060206021,12,1082,9274,70,L12-1082,0.98
4266,UDP-glucuronosyl/UDP-glucosyltransferase,14,9986,5,195,9,9791,27.894586894586897,5.2626002896722264e-06,0.0063572211499240494,0.9740474047404741,0.9214921492149215,0.9556955695569557,0.8586858685868587,12,1082,9274,70,L12-1082,0.98
8616,Ferritin-like superfamily,15,9985,5,195,10,9790,25.102564102564102,7.76601521928416e-06,0.009381346384895264,0.8174817481748174,0.6020602060206021,0.6020602060206021,0.6020602060206021,12,1082,9274,70,L12-1082,0.98
